PassengerId,Transported_Prob
0013_01,0.5643456
0018_01,0.034482963
0019_01,0.9791392
0021_01,0.98060924
0023_01,0.5362196
0027_01,0.6760502
0029_01,0.9777535
0032_01,0.9636871
0032_02,0.9706892
0033_01,0.5642146
0037_01,0.18184632
0040_01,0.1580214
0040_02,0.71984166
0042_01,0.47949323
0046_01,0.039448768
0046_02,0.06743021
0046_03,0.116394974
0047_01,0.97938937
0047_02,0.9679397
0047_03,0.029880548
0048_01,0.6206848
0049_01,0.048990015
0054_01,0.97099245
0054_02,0.86975
0054_03,0.69904006
0055_01,0.07312242
0057_01,0.96461457
0059_01,0.6831725
0060_01,0.47322035
0063_01,0.64483404
0065_01,0.563218
0075_01,0.13194236
0079_01,0.50988793
0080_01,0.5038481
0083_01,0.10149354
0087_01,0.13968828
0089_01,0.975629
0093_01,0.80028707
0094_01,0.55606353
0094_02,0.10189494
0095_01,0.69917715
0096_01,0.2668336
0100_01,0.6064112
0100_02,0.6063074
0104_01,0.11431657
0106_01,0.705507
0109_01,0.076523915
0117_01,0.26693773
0118_01,0.5751523
0121_01,0.07003055
0124_01,0.5128019
0125_01,0.9772911
0125_02,0.030225012
0130_01,0.5339098
0131_01,0.42763957
0132_01,0.95386505
0135_01,0.17797548
0137_01,0.5507243
0142_01,0.9728506
0142_02,0.18503062
0142_03,0.97429454
0143_01,0.65670943
0145_01,0.14621103
0150_01,0.9620671
0150_02,0.96944666
0153_01,0.2679617
0154_01,0.654424
0155_01,0.0651577
0156_01,0.9747799
0157_01,0.08004536
0158_01,0.19986632
0158_02,0.55646896
0159_01,0.10911939
0161_01,0.12072518
0162_01,0.97781295
0166_01,0.58704185
0168_01,0.9877726
0175_01,0.6231968
0175_02,0.5811585
0175_03,0.5747999
0175_04,0.48340955
0175_05,0.44725603
0176_01,0.1328354
0180_01,0.18029186
0184_01,0.34503663
0185_01,0.8055481
0187_01,0.9775775
0191_01,0.15463403
0194_01,0.9726642
0194_02,0.979376
0194_03,0.016006881
0204_01,0.0775138
0208_01,0.389824
0209_01,0.012138376
0214_01,0.029298425
0214_02,0.028370446
0215_01,0.52233624
0218_01,0.10843708
0226_01,0.9263032
0227_01,0.5363337
0228_01,0.9809696
0228_02,0.96362704
0228_03,0.9845948
0228_04,0.013496576
0230_01,0.693345
0230_02,0.14248316
0235_01,0.46711344
0236_01,0.97304523
0238_01,0.0733717
0247_01,0.9769176
0247_02,0.9779062
0249_01,0.13749827
0256_01,0.6343738
0259_01,0.96053743
0262_01,0.13803561
0264_01,0.9877758
0264_02,0.9876808
0264_03,0.015247104
0266_01,0.10576024
0266_02,0.07202415
0268_01,0.03862722
0268_02,0.09667643
0271_01,0.12793927
0272_01,0.13986929
0273_01,0.94900954
0273_02,0.9656631
0273_03,0.053029798
0274_01,0.03972113
0274_02,0.56253403
0276_01,0.02000464
0276_02,0.98590183
0279_01,0.13412112
0280_01,0.42640653
0284_01,0.6428577
0292_01,0.0966809
0293_01,0.97421646
0295_01,0.3739165
0296_01,0.20687735
0299_01,0.18659523
0300_01,0.14106509
0308_01,0.5911741
0311_01,0.67549086
0312_01,0.5197059
0317_01,0.1302235
0318_01,0.61020815
0319_01,0.07879819
0319_02,0.98023033
0323_01,0.6037049
0325_01,0.5370123
0328_01,0.65005237
0329_01,0.97909784
0332_01,0.50768596
0335_01,0.2782916
0339_01,0.14664502
0339_02,0.11859816
0339_03,0.50841707
0339_04,0.7654698
0339_05,0.67176193
0339_06,0.05819186
0339_07,0.09568028
0339_08,0.09370795
0342_01,0.7476613
0342_02,0.6153933
0344_01,0.9675953
0344_02,0.039555274
0349_01,0.012399385
0349_02,0.91441333
0349_03,0.09369251
0349_04,0.95328295
0349_05,0.15279725
0349_06,0.046199813
0351_01,0.9769219
0353_01,0.5964827
0353_02,0.5845349
0354_01,0.5552045
0362_01,0.82870513
0363_01,0.41068968
0363_02,0.66448224
0363_03,0.6895684
0364_01,0.3867702
0364_02,0.099372506
0366_01,0.57998073
0367_01,0.013640815
0374_01,0.12551798
0374_02,0.08083539
0386_01,0.07545747
0390_01,0.5675336
0393_01,0.030219112
0394_01,0.7567487
0399_01,0.5241029
0400_01,0.97939396
0404_01,0.9523098
0406_01,0.19585165
0414_01,0.05215149
0416_01,0.39129847
0418_01,0.11474893
0419_01,0.31382766
0419_02,0.73185617
0419_03,0.662253
0420_01,0.12529312
0421_01,0.9705062
0422_01,0.14822426
0424_01,0.11505665
0426_01,0.13613781
0440_01,0.26201284
0443_01,0.334077
0450_01,0.14822386
0451_01,0.98833764
0455_01,0.32834068
0464_01,0.57776254
0467_01,0.9247731
0467_02,0.9271472
0467_03,0.9506067
0467_04,0.925858
0469_01,0.68369853
0473_01,0.21396184
0478_01,0.011349211
0478_02,0.97903025
0479_01,0.9884764
0483_01,0.9476778
0483_02,0.8404377
0484_01,0.98121166
0486_01,0.581859
0489_01,0.3597242
0489_02,0.9774488
0491_01,0.61520493
0492_01,0.13079748
0493_01,0.53448933
0494_01,0.9801799
0494_02,0.36263162
0495_01,0.63211864
0495_02,0.71789
0495_03,0.6248902
0495_04,0.5860219
0495_05,0.043613445
0495_06,0.58476716
0496_01,0.7265526
0496_02,0.6829144
0497_01,0.9751805
0505_01,0.1311001
0508_01,0.053370744
0509_01,0.5413371
0511_01,0.11650606
0514_01,0.6391831
0524_01,0.9083603
0526_01,0.52638
0530_01,0.04099226
0530_02,0.013237661
0530_03,0.9877059
0532_01,0.028621938
0532_02,0.9865302
0535_01,0.5389563
0536_01,0.048483662
0536_02,0.0773548
0541_01,0.98649377
0543_01,0.535874
0544_01,0.983467
0554_01,0.062035818
0557_01,0.9778897
0557_02,0.97770786
0558_01,0.6003866
0562_01,0.36128893
0562_02,0.9777697
0574_01,0.041151747
0578_01,0.5748273
0578_02,0.5487109
0584_01,0.47996205
0584_02,0.037551574
0592_01,0.52658767
0595_01,0.58039165
0601_01,0.44805652
0604_01,0.50236356
0605_01,0.17418297
0606_01,0.60115707
0613_01,0.969717
0613_02,0.9698259
0616_01,0.07599147
0617_01,0.15765615
0620_01,0.1293765
0620_02,0.8579165
0620_03,0.8748376
0621_01,0.1280993
0622_01,0.0127698425
0624_01,0.8885948
0625_01,0.98083335
0625_02,0.97712535
0625_03,0.98174536
0626_01,0.98823464
0626_02,0.9870639
0626_03,0.82627326
0627_01,0.7415712
0632_01,0.1257391
0632_02,0.7230728
0632_03,0.50649
0640_01,0.96742165
0640_02,0.9773089
0648_01,0.1696463
0648_02,0.15197058
0649_01,0.4991414
0651_01,0.96785367
0652_01,0.5671268
0652_02,0.36724013
0652_03,0.54495186
0652_04,0.15095136
0652_05,0.49694338
0654_01,0.6289679
0662_01,0.476487
0666_01,0.55952215
0666_02,0.6269809
0667_01,0.23976931
0670_01,0.11565451
0670_02,0.061345793
0673_01,0.66828716
0675_01,0.64092886
0676_01,0.31883705
0681_01,0.46462503
0692_01,0.7621447
0694_01,0.56623983
0695_01,0.688959
0698_01,0.14528523
0700_01,0.1504065
0706_01,0.67968845
0708_01,0.9709716
0708_02,0.97980326
0711_01,0.093103744
0716_01,0.1694695
0717_01,0.93778276
0717_02,0.20504363
0717_03,0.9531857
0717_04,0.9514346
0717_05,0.015922096
0717_06,0.14550498
0717_07,0.9741974
0720_01,0.9788674
0720_02,0.33885688
0720_03,0.067374304
0721_01,0.4382352
0722_01,0.2248435
0723_01,0.111326896
0725_01,0.56459576
0730_01,0.7411725
0731_01,0.16441269
0731_02,0.22961494
0735_01,0.27578482
0739_01,0.6231919
0741_01,0.69936
0742_01,0.54370046
0742_02,0.9759286
0744_01,0.9889305
0745_01,0.08239483
0747_01,0.07625945
0748_01,0.9700526
0748_02,0.03669398
0749_01,0.97878647
0751_01,0.9788252
0752_01,0.4910233
0755_01,0.8323784
0758_01,0.9098938
0758_02,0.98168546
0758_03,0.060475927
0759_01,0.98047984
0759_02,0.020816913
0759_03,0.97132313
0760_01,0.13700989
0763_01,0.98468524
0763_02,0.17115739
0766_01,0.5887325
0774_01,0.29146874
0774_02,0.013577139
0774_03,0.6546924
0775_01,0.97955287
0775_02,0.98093474
0775_03,0.9835855
0775_04,0.043590806
0775_05,0.97107476
0775_06,0.98642284
0778_01,0.9865028
0778_02,0.8438629
0780_01,0.9601973
0783_01,0.12085476
0792_01,0.6697461
0800_01,0.031089803
0801_01,0.9800938
0803_01,0.6820439
0804_01,0.9853674
0807_01,0.08708713
0810_01,0.1289396
0812_01,0.5912181
0814_01,0.132107
0821_01,0.9810106
0827_01,0.18546443
0827_02,0.8302776
0827_03,0.9476148
0831_01,0.10153355
0832_01,0.5630582
0837_01,0.96490365
0837_02,0.03577754
0838_01,0.3368976
0838_02,0.13920619
0841_01,0.046630505
0842_01,0.38251108
0843_01,0.5552994
0844_01,0.61537164
0847_01,0.0983648
0852_01,0.9797208
0854_01,0.56076914
0855_01,0.7966791
0856_01,0.10286875
0857_01,0.96535194
0858_01,0.19330665
0858_02,0.97676593
0861_01,0.28466228
0862_01,0.48382348
0864_01,0.030608058
0864_02,0.9796845
0864_03,0.9793995
0866_01,0.97381467
0872_01,0.09847349
0880_01,0.7030364
0880_02,0.45834446
0882_01,0.89285165
0884_01,0.11339326
0884_02,0.6210477
0886_01,0.103658415
0886_02,0.97058856
0886_03,0.9727171
0887_01,0.011708627
0887_02,0.030912286
0888_01,0.16493674
0888_02,0.49057874
0891_01,0.9542451
0892_01,0.9881202
0892_02,0.988912
0892_03,0.9898416
0894_01,0.9895002
0895_01,0.27671123
0896_01,0.48532766
0897_01,0.9900179
0897_02,0.98855305
0900_01,0.5765877
0908_01,0.46775126
0909_01,0.054296423
0909_02,0.97689354
0909_03,0.9725815
0914_01,0.027126193
0916_01,0.15976915
0917_01,0.47565833
0920_01,0.019399246
0929_01,0.19666545
0934_01,0.14376073
0936_01,0.15319322
0937_01,0.40729704
0943_01,0.9750252
0943_02,0.97533
0943_03,0.22213309
0945_01,0.19501501
0945_02,0.10799031
0948_01,0.15806365
0950_01,0.9776453
0954_01,0.489882
0958_01,0.16880181
0959_01,0.3568042
0962_01,0.92458755
0963_01,0.9809443
0967_01,0.14941671
0973_01,0.10406329
0974_01,0.17093386
0977_01,0.54755294
0980_01,0.20422606
0981_01,0.139011
0981_02,0.5847602
0986_01,0.013819469
0986_02,0.9752531
0996_01,0.26971295
0999_01,0.5902716
0999_02,0.59723157
1003_01,0.10110891
1007_01,0.1329118
1009_01,0.045323532
1010_01,0.9773307
1016_01,0.014277627
1021_01,0.27516586
1023_01,0.97574747
1028_01,0.5706226
1037_01,0.4636163
1039_01,0.16102564
1042_01,0.23999432
1044_01,0.75238246
1050_01,0.47661012
1055_01,0.42699295
1059_01,0.984056
1059_02,0.984935
1061_01,0.9850019
1064_01,0.5689046
1064_02,0.5113966
1067_01,0.22799507
1069_01,0.9783616
1070_01,0.5687176
1072_01,0.55120385
1072_02,0.4713602
1072_03,0.5718461
1072_04,0.3021719
1072_05,0.12429396
1072_06,0.39556032
1072_07,0.6925567
1072_08,0.543892
1073_01,0.15197705
1074_01,0.686093
1074_02,0.7913577
1081_01,0.60921395
1087_01,0.8266969
1090_01,0.982535
1090_02,0.02833491
1092_01,0.63726586
1098_01,0.15229288
1101_01,0.49823856
1103_01,0.20810664
1104_01,0.98896015
1106_01,0.09356433
1106_02,0.9770956
1107_01,0.20583193
1109_01,0.21433477
1111_01,0.7068725
1111_02,0.489178
1111_03,0.5563396
1118_01,0.1978685
1118_02,0.9870281
1118_03,0.98223096
1118_04,0.90104073
1118_05,0.039450534
1119_01,0.10715501
1119_02,0.9669391
1120_01,0.9162812
1122_01,0.58560956
1124_01,0.9870793
1124_02,0.9865276
1124_03,0.5399421
1125_01,0.13525362
1125_02,0.5602813
1126_01,0.9772911
1128_01,0.98089707
1128_02,0.9696738
1131_01,0.9885782
1135_01,0.019642973
1135_02,0.9696697
1135_03,0.012618092
1135_04,0.9808857
1137_01,0.20462015
1137_02,0.062176622
1138_01,0.95622873
1139_01,0.51638716
1143_01,0.52712244
1145_01,0.9590168
1145_02,0.30536914
1145_03,0.083052754
1145_04,0.96152717
1151_01,0.61557305
1157_01,0.1341962
1158_01,0.44600815
1158_02,0.41158098
1159_01,0.52653426
1159_02,0.48549008
1159_03,0.5371014
1160_01,0.64631665
1164_01,0.35495487
1171_01,0.049780868
1172_01,0.97921544
1176_01,0.36957198
1181_01,0.18721834
1183_01,0.975495
1183_02,0.23842876
1183_03,0.9837165
1184_01,0.982293
1184_02,0.826135
1189_01,0.12077792
1194_01,0.06620343
1196_01,0.05393914
1196_02,0.11228945
1200_01,0.9898156
1201_01,0.016960917
1201_02,0.80189306
1202_01,0.10181906
1204_01,0.5704303
1205_01,0.08994917
1207_01,0.3425463
1207_02,0.57375795
1207_03,0.47033483
1207_04,0.5084353
1209_01,0.023881428
1209_02,0.1733276
1217_01,0.96656257
1217_02,0.97501886
1219_01,0.040007263
1219_02,0.98945045
1224_01,0.97649384
1224_02,0.95508707
1226_01,0.9736787
1226_02,0.97774297
1227_01,0.9613012
1237_01,0.5251268
1241_01,0.09388836
1244_01,0.97879803
1245_01,0.50524276
1247_01,0.9772679
1249_01,0.08319525
1251_01,0.9644915
1252_01,0.09889075
1253_01,0.095004275
1257_01,0.98895466
1257_02,0.9898003
1257_03,0.9735637
1257_04,0.9833981
1262_01,0.66097695
1262_02,0.12679039
1265_01,0.62737924
1266_01,0.105014704
1268_01,0.9807639
1270_01,0.98513144
1272_01,0.15498368
1275_01,0.10731761
1276_01,0.27121463
1277_01,0.15459456
1290_01,0.086953245
1296_01,0.10151241
1297_01,0.8988687
1298_01,0.31460935
1301_01,0.37015462
1301_02,0.5237142
1301_03,0.5881586
1303_01,0.40009627
1305_01,0.7729278
1313_01,0.58509076
1314_01,0.08426325
1315_01,0.5546483
1318_01,0.9806808
1319_01,0.03963139
1319_02,0.046226077
1320_01,0.577882
1320_02,0.5512167
1320_03,0.5729906
1321_01,0.5430578
1321_02,0.9754313
1321_03,0.05497206
1321_04,0.19725387
1327_01,0.48304874
1329_01,0.077841505
1334_01,0.1569522
1338_01,0.9857891
1338_02,0.98261756
1339_01,0.52006793
1341_01,0.13749713
1341_02,0.5453108
1341_03,0.6630584
1343_01,0.011355713
1343_02,0.73120266
1343_03,0.06803851
1344_01,0.19764087
1346_01,0.31579256
1349_01,0.53339326
1349_02,0.7072115
1354_01,0.16436563
1354_02,0.27500838
1354_03,0.98037374
1354_04,0.9464197
1354_05,0.9715291
1354_06,0.9748002
1354_07,0.73612994
1358_01,0.9758202
1358_02,0.09786179
1359_01,0.12826604
1361_01,0.9709672
1361_02,0.12045406
1363_01,0.19407085
1364_01,0.17702557
1364_02,0.4510606
1367_01,0.5880066
1369_01,0.51482666
1369_02,0.614529
1369_03,0.8672286
1372_01,0.52112657
1373_01,0.5288778
1374_01,0.9892155
1388_01,0.570917
1392_01,0.2516349
1394_01,0.50318825
1396_01,0.35438886
1405_01,0.38251367
1409_01,0.11543609
1409_02,0.4969643
1411_01,0.8019139
1418_01,0.5646114
1422_01,0.93786967
1422_02,0.018558584
1422_03,0.012423242
1429_01,0.2851258
1432_01,0.15747331
1432_02,0.049495
1436_01,0.53516114
1437_01,0.09668626
1441_01,0.10471685
1446_01,0.09331506
1448_01,0.33383703
1449_01,0.10207542
1456_01,0.12977263
1459_01,0.18665655
1464_01,0.11943094
1466_01,0.45954806
1468_01,0.46428347
1469_01,0.06559368
1469_02,0.13633391
1470_01,0.4907728
1471_01,0.41431695
1471_02,0.56312895
1471_03,0.64808744
1471_04,0.5377499
1471_05,0.41854763
1472_01,0.5960081
1473_01,0.10376374
1473_02,0.07949211
1475_01,0.45703715
1476_01,0.15095332
1477_01,0.5384511
1477_02,0.014876443
1480_01,0.5029742
1482_01,0.9770578
1483_01,0.5354229
1486_01,0.50662833
1487_01,0.7725505
1487_02,0.56506836
1492_01,0.030883774
1492_02,0.58401287
1494_01,0.14818452
1495_01,0.08787722
1495_02,0.6920477
1496_01,0.45671406
1497_01,0.97765005
1497_02,0.9786062
1502_01,0.011987273
1502_02,0.9771593
1502_03,0.9830761
1502_04,0.9777969
1504_01,0.08323493
1505_01,0.06994575
1508_01,0.11263637
1512_01,0.19257213
1513_01,0.5423266
1514_01,0.57724744
1516_01,0.4258841
1517_01,0.23878193
1518_01,0.012964951
1518_02,0.061100148
1519_01,0.17969045
1522_01,0.97611725
1530_01,0.8982356
1534_01,0.0709389
1534_02,0.028408196
1535_01,0.01946001
1537_01,0.9863728
1538_01,0.04936085
1538_02,0.17074987
1546_01,0.6872861
1549_01,0.57335657
1553_01,0.96192634
1553_02,0.09980936
1554_01,0.6369953
1554_02,0.48229957
1556_01,0.5345579
1557_01,0.986149
1559_01,0.98116714
1559_02,0.96615875
1563_01,0.989724
1566_01,0.98014975
1570_01,0.10337584
1571_01,0.29281414
1574_01,0.44259065
1575_01,0.5435241
1582_01,0.49136868
1582_02,0.5740275
1583_01,0.97469914
1586_01,0.24552245
1587_01,0.58067906
1587_02,0.6851729
1589_01,0.12279924
1591_01,0.014372954
1591_02,0.98319435
1598_01,0.7821566
1598_02,0.6977239
1600_01,0.098777786
1605_01,0.11441908
1607_01,0.57310635
1609_01,0.12433056
1610_01,0.893803
1616_01,0.5241866
1618_01,0.02793656
1620_01,0.014328371
1623_01,0.24625032
1627_01,0.5336712
1629_01,0.98009616
1629_02,0.9801027
1629_03,0.9848096
1629_04,0.9854023
1629_05,0.98521245
1629_06,0.9880661
1639_01,0.07912207
1641_01,0.9741009
1642_01,0.057015073
1643_01,0.14371648
1648_01,0.9601118
1652_01,0.62759984
1654_01,0.083573736
1664_01,0.24066415
1665_01,0.9823753
1665_02,0.9804635
1667_01,0.123068355
1675_01,0.97805995
1678_01,0.098231584
1679_01,0.40940475
1680_01,0.026540715
1680_02,0.9901673
1683_01,0.1272338
1684_01,0.18861367
1686_01,0.1285351
1689_01,0.98724854
1689_02,0.978181
1689_03,0.9691065
1692_01,0.57811105
1693_01,0.44645602
1701_01,0.46632314
1702_01,0.5890275
1703_01,0.4863121
1706_01,0.15558818
1707_01,0.16402577
1716_01,0.15384902
1720_01,0.09539221
1722_01,0.17558707
1726_01,0.15054056
1726_02,0.9740818
1726_03,0.25274572
1732_01,0.447466
1735_01,0.11310671
1737_01,0.11383243
1741_01,0.4424975
1741_02,0.5397636
1741_03,0.5333611
1743_01,0.07456334
1744_01,0.40469265
1750_01,0.4613951
1751_01,0.9693856
1751_02,0.96620095
1754_01,0.39869243
1756_01,0.28524986
1759_01,0.9743768
1765_01,0.5207375
1773_01,0.13861609
1777_01,0.0129814055
1777_02,0.9681045
1780_01,0.25000674
1784_01,0.13218752
1787_01,0.2966953
1788_01,0.12214788
1789_01,0.27021146
1790_01,0.43191546
1790_02,0.4343794
1791_01,0.9782239
1791_02,0.97574914
1793_01,0.099377826
1793_02,0.7897545
1794_01,0.07148252
1795_01,0.25403395
1801_01,0.72096837
1801_02,0.119398616
1809_01,0.48142022
1814_01,0.16606365
1814_02,0.484224
1814_03,0.5883773
1815_01,0.9767882
1819_01,0.053958833
1820_01,0.2807365
1824_01,0.13370232
1825_01,0.42560124
1825_02,0.3161173
1830_01,0.5616312
1832_01,0.061595142
1835_01,0.98898256
1835_02,0.98999786
1837_01,0.9896304
1838_01,0.9719766
1839_01,0.08479215
1840_01,0.5922644
1842_01,0.1344746
1845_01,0.029479682
1851_01,0.017837832
1851_02,0.98879844
1852_01,0.99019355
1852_02,0.9787138
1852_03,0.9889938
1852_04,0.9903038
1858_01,0.97382736
1862_01,0.100404836
1862_02,0.10042572
1862_03,0.6205698
1867_01,0.9865276
1869_01,0.13325174
1870_01,0.11238595
1875_01,0.29474208
1876_01,0.13183326
1883_01,0.37609783
1885_01,0.31639105
1893_01,0.97455454
1894_01,0.977321
1895_01,0.10155727
1896_01,0.021566551
1900_01,0.5002121
1904_01,0.023703609
1909_01,0.97555006
1909_02,0.97781545
1909_03,0.10092348
1910_01,0.94178784
1910_02,0.027091566
1910_03,0.09947151
1910_04,0.9537752
1912_01,0.2996964
1913_01,0.8890956
1913_02,0.9699472
1913_03,0.971902
1914_01,0.554018
1917_01,0.47936696
1919_01,0.2629674
1921_01,0.10726056
1921_02,0.03373119
1924_01,0.64287096
1929_01,0.09515081
1930_01,0.110186264
1932_01,0.03524989
1934_01,0.11145158
1936_01,0.111968994
1943_01,0.18496504
1944_01,0.2134258
1948_01,0.014855074
1948_02,0.98773813
1949_01,0.12661316
1951_01,0.98453873
1951_02,0.016098073
1954_01,0.09682332
1955_01,0.1196987
1958_01,0.04351673
1965_01,0.48874274
1966_01,0.6750773
1970_01,0.06989822
1972_01,0.35128453
1982_01,0.093348876
1986_01,0.97645056
1987_01,0.51273143
1989_01,0.6014468
1990_01,0.96902215
1990_02,0.97969246
1998_01,0.1357087
2002_01,0.97483206
2004_01,0.4118781
2005_01,0.1514307
2005_02,0.51625234
2008_01,0.09691693
2014_01,0.96170425
2016_01,0.95919734
2016_02,0.08296916
2017_01,0.25606146
2017_02,0.03738814
2018_01,0.52321804
2020_01,0.9475643
2021_01,0.45798707
2023_01,0.40848523
2023_02,0.5767358
2023_03,0.6382217
2025_01,0.014604898
2030_01,0.2875024
2031_01,0.11481547
2033_01,0.12919691
2035_01,0.09742345
2035_02,0.9771085
2036_01,0.5320365
2036_02,0.5123758
2036_03,0.63338417
2037_01,0.9683706
2037_02,0.0118415
2039_01,0.96637285
2039_02,0.9730775
2039_03,0.97018254
2047_01,0.51327676
2048_01,0.5391923
2049_01,0.5095053
2050_01,0.09990748
2057_01,0.5448173
2057_02,0.5241524
2057_03,0.123349786
2057_04,0.49178463
2057_05,0.50617635
2058_01,0.12590681
2064_01,0.97185534
2068_01,0.9645899
2068_02,0.97307694
2068_03,0.95777637
2068_04,0.067981265
2068_05,0.79751825
2069_01,0.1108435
2072_01,0.37138098
2072_02,0.10040959
2076_01,0.9762306
2077_01,0.11292168
2078_01,0.9743392
2079_01,0.5390256
2079_02,0.14877926
2079_03,0.06736756
2093_01,0.08773275
2098_01,0.16579254
2101_01,0.6966802
2101_02,0.53104293
2103_01,0.07580377
2108_01,0.11260462
2108_02,0.30403453
2109_01,0.47904152
2113_01,0.63253784
2119_01,0.16314396
2119_02,0.5504172
2122_01,0.73506415
2132_01,0.52358806
2146_01,0.92456484
2146_02,0.97884905
2151_01,0.5179955
2155_01,0.49298334
2157_01,0.09534538
2160_01,0.03686596
2160_02,0.9781027
2160_03,0.974064
2165_01,0.32567638
2166_01,0.30644795
2169_01,0.1085936
2170_01,0.071154416
2174_01,0.101548985
2176_01,0.581577
2178_01,0.12312941
2181_01,0.06868898
2184_01,0.9901433
2184_02,0.99021846
2185_01,0.9907445
2192_01,0.13250218
2197_01,0.27856207
2199_01,0.37733138
2208_01,0.14241281
2213_01,0.0846348
2214_01,0.116092816
2216_01,0.42438173
2217_01,0.46631923
2218_01,0.21651506
2222_01,0.97762984
2226_01,0.09750168
2227_01,0.97394407
2230_01,0.37426788
2236_01,0.49930558
2240_01,0.6640085
2240_02,0.08725609
2240_03,0.6190069
2242_01,0.6143569
2244_01,0.58934695
2245_01,0.95035523
2245_02,0.9275812
2246_01,0.4870998
2246_02,0.022249484
2247_01,0.04464122
2248_01,0.102916025
2249_01,0.80302954
2250_01,0.084863245
2259_01,0.27770597
2259_02,0.9842928
2260_01,0.9712558
2265_01,0.07778303
2271_01,0.012547573
2276_01,0.4769636
2276_02,0.14347258
2283_01,0.061756957
2285_01,0.13188678
2286_01,0.11474148
2290_01,0.55685425
2292_01,0.51901776
2293_01,0.9735902
2294_01,0.9792555
2297_01,0.13964877
2304_01,0.43939894
2307_01,0.6386622
2307_02,0.6435007
2307_03,0.6982506
2307_04,0.7627758
2307_05,0.6495662
2322_01,0.10225546
2323_01,0.08121781
2324_01,0.1560168
2326_01,0.4779474
2328_01,0.15099646
2330_01,0.088638134
2331_01,0.9769391
2334_01,0.09381721
2335_01,0.5740134
2337_01,0.64986527
2342_01,0.094066046
2343_01,0.97784406
2343_02,0.8274821
2344_01,0.018810932
2344_02,0.98101693
2346_01,0.13934018
2350_01,0.32075605
2350_02,0.08062361
2350_03,0.98085755
2351_01,0.16975054
2351_02,0.063583456
2352_01,0.10982405
2354_01,0.042845048
2355_01,0.9785253
2355_02,0.9839446
2355_03,0.09332839
2355_04,0.98236465
2358_01,0.07081418
2359_01,0.17092416
2362_01,0.53686523
2370_01,0.43355608
2370_02,0.47386828
2370_03,0.19151664
2370_04,0.6135896
2371_01,0.3967484
2372_01,0.15595563
2378_01,0.18889329
2378_02,0.976927
2380_01,0.013528484
2380_02,0.9546691
2381_01,0.5602037
2383_01,0.055797003
2383_02,0.07287357
2386_01,0.97630405
2388_01,0.061361738
2388_02,0.61906725
2393_01,0.16315424
2394_01,0.59138465
2394_02,0.646966
2394_03,0.15104337
2400_01,0.20612457
2405_01,0.1146721
2407_01,0.9906557
2408_01,0.09561752
2415_01,0.87965536
2418_01,0.06060969
2420_01,0.14705484
2422_01,0.020569557
2422_02,0.98637164
2425_01,0.59203434
2425_02,0.44628125
2425_03,0.5423125
2425_04,0.62350553
2425_05,0.6945915
2425_06,0.54346764
2428_01,0.10921653
2430_01,0.51913804
2430_02,0.4892288
2430_03,0.09212014
2434_01,0.5525837
2434_02,0.15604655
2437_01,0.035721827
2440_01,0.48270804
2447_01,0.16225985
2448_01,0.982926
2448_02,0.98107463
2450_01,0.042146176
2459_01,0.6391422
2464_01,0.062351953
2465_01,0.24414179
2468_01,0.97311544
2469_01,0.9694473
2469_02,0.0994379
2473_01,0.09926812
2481_01,0.6822456
2481_02,0.17706779
2482_01,0.023937166
2482_02,0.023496667
2484_01,0.9670947
2484_02,0.09338013
2485_01,0.09995775
2487_01,0.9721901
2487_02,0.9753014
2487_03,0.2582821
2490_01,0.10090921
2493_01,0.03137826
2493_02,0.06772652
2494_01,0.9889525
2494_02,0.014162293
2495_01,0.11520988
2501_01,0.9898783
2504_01,0.32126004
2507_01,0.45200077
2511_01,0.44607702
2514_01,0.5351764
2517_01,0.97127664
2525_01,0.10904901
2529_01,0.03772561
2533_01,0.15176062
2536_01,0.9764018
2538_01,0.98111105
2538_02,0.9699696
2539_01,0.55356157
2543_01,0.51195896
2554_01,0.6683854
2556_01,0.9787677
2563_01,0.54318887
2566_01,0.09648528
2567_01,0.45879477
2567_02,0.97976047
2568_01,0.50139916
2569_01,0.4557078
2570_01,0.46034074
2575_01,0.85070676
2576_01,0.9764345
2577_01,0.49586955
2577_02,0.46340775
2579_01,0.06641078
2583_01,0.4454611
2585_01,0.96932065
2586_01,0.51396924
2587_01,0.97710955
2587_02,0.97845745
2600_01,0.7589015
2603_01,0.58967966
2603_02,0.58480656
2604_01,0.558473
2608_01,0.5089549
2610_01,0.101630844
2611_01,0.08687545
2612_01,0.14300819
2613_01,0.43196154
2614_01,0.110190794
2615_01,0.5172747
2620_01,0.6652053
2621_01,0.030341124
2623_01,0.17862065
2630_01,0.09384786
2630_02,0.5183891
2630_03,0.6667496
2632_01,0.057555966
2637_01,0.10029383
2637_02,0.64987886
2637_03,0.61981696
2639_01,0.97367114
2644_01,0.092358656
2653_01,0.24392359
2654_01,0.028791368
2656_01,0.99057645
2665_01,0.034469984
2667_01,0.9899346
2667_02,0.025222536
2667_03,0.029624972
2667_04,0.98878974
2667_05,0.9895857
2669_01,0.07386973
2673_01,0.80400646
2674_01,0.34303385
2674_02,0.35492104
2680_01,0.011342408
2681_01,0.5734839
2686_01,0.05250148
2689_01,0.028231774
2694_01,0.9625193
2694_02,0.9562985
2696_01,0.9770754
2699_01,0.15147325
2705_01,0.48559242
2710_01,0.99051034
2710_02,0.9904188
2711_01,0.8535572
2715_01,0.092199065
2715_02,0.103926346
2716_01,0.13435712
2716_02,0.9771174
2719_01,0.12470224
2719_02,0.9732939
2719_03,0.047240384
2728_01,0.48793158
2731_01,0.5195254
2733_01,0.14286962
2735_01,0.10978433
2742_01,0.59060466
2744_01,0.49544683
2749_01,0.5123336
2757_01,0.06753618
2761_01,0.13814695
2761_02,0.7201549
2766_01,0.6351634
2767_01,0.08976998
2771_01,0.093137175
2775_01,0.6469544
2776_01,0.45069313
2777_01,0.91888523
2779_01,0.11456503
2782_01,0.046941645
2791_01,0.14619659
2794_01,0.074605726
2794_02,0.11403346
2794_03,0.9523531
2794_04,0.97949445
2794_05,0.05799656
2794_06,0.9759466
2794_07,0.97331464
2800_01,0.59586734
2803_01,0.9670412
2804_01,0.5235993
2808_01,0.9821911
2808_02,0.9445275
2815_01,0.16721667
2815_02,0.6018446
2815_03,0.5164455
2816_01,0.9724436
2827_01,0.61816585
2828_01,0.12610771
2829_01,0.4704679
2830_01,0.5590396
2833_01,0.6794921
2836_01,0.9820358
2841_01,0.11362599
2842_01,0.50061655
2844_01,0.11572118
2845_01,0.9863203
2845_02,0.98680246
2848_01,0.9008783
2848_02,0.91697663
2848_03,0.94072706
2849_01,0.108550146
2850_01,0.9727863
2850_02,0.97819006
2850_03,0.076866634
2850_04,0.9763216
2851_01,0.094796814
2855_01,0.768561
2864_01,0.086744525
2868_01,0.5046725
2868_02,0.61848116
2868_03,0.6573701
2868_04,0.6929502
2874_01,0.09464223
2879_01,0.088784225
2885_01,0.08902563
2886_01,0.042182975
2889_01,0.2189364
2895_01,0.99094754
2896_01,0.10992887
2898_01,0.96675044
2898_02,0.96338195
2903_01,0.75684965
2904_01,0.08218329
2904_02,0.9792509
2911_01,0.55166984
2914_01,0.9715144
2915_01,0.97903454
2916_01,0.9785369
2917_01,0.08370635
2918_01,0.037314713
2921_01,0.10711922
2922_01,0.8197586
2923_01,0.77769506
2924_01,0.03973467
2931_01,0.52953756
2931_02,0.090947166
2932_01,0.99001104
2933_01,0.13814184
2937_01,0.15294641
2939_01,0.58351994
2946_01,0.13094279
2946_02,0.10025728
2946_03,0.35054937
2946_04,0.100184895
2947_01,0.5481031
2951_01,0.09444821
2952_01,0.14547813
2955_01,0.11356044
2957_01,0.5248697
2963_01,0.3471858
2967_01,0.5982735
2973_01,0.109449506
2974_01,0.09342078
2976_01,0.9900689
2976_02,0.98981076
2976_03,0.99070054
2976_04,0.012886904
2977_01,0.15456377
2977_02,0.16573915
2977_03,0.1280742
2978_01,0.10016445
2980_01,0.13064003
2981_01,0.6940624
2985_01,0.52390903
2987_01,0.4123562
2989_01,0.2497313
2991_01,0.041638292
2997_01,0.97895527
2997_02,0.01839548
2997_03,0.12064807
2997_04,0.973372
2999_01,0.2182688
3002_01,0.1474816
3007_01,0.093371585
3008_01,0.9775115
3008_02,0.018715814
3008_03,0.96698797
3008_04,0.51178145
3008_05,0.9777762
3008_06,0.9782774
3011_01,0.44318017
3016_01,0.43770498
3016_02,0.6217052
3016_03,0.6386882
3016_04,0.12590244
3017_01,0.904019
3028_01,0.50574285
3031_01,0.9811651
3035_01,0.22637585
3037_01,0.98722917
3037_02,0.98354566
3041_01,0.121724404
3043_01,0.5204548
3046_01,0.47437772
3049_01,0.043290194
3051_01,0.041166164
3052_01,0.12654166
3056_01,0.64291203
3057_01,0.5159756
3058_01,0.098901175
3059_01,0.9675806
3069_01,0.18596393
3072_01,0.9810277
3074_01,0.7815445
3075_01,0.5241412
3077_01,0.9903253
3077_02,0.9906993
3078_01,0.025855104
3078_02,0.026807219
3078_03,0.9847441
3078_04,0.031856187
3086_01,0.6343318
3089_01,0.54995996
3094_01,0.5251055
3097_01,0.980554
3098_01,0.08878589
3101_01,0.07101592
3105_01,0.97305405
3105_02,0.2525298
3105_03,0.9757063
3106_01,0.5875083
3107_01,0.5393258
3108_01,0.43566337
3109_01,0.49673218
3115_01,0.674128
3122_01,0.10176486
3122_02,0.11839013
3125_01,0.04405064
3125_02,0.12603526
3127_01,0.98478967
3129_01,0.56578434
3135_01,0.18611124
3137_01,0.73884743
3139_01,0.21383302
3141_01,0.9754316
3144_01,0.12534264
3146_01,0.22468778
3148_01,0.5802527
3148_02,0.08132749
3150_01,0.28975618
3151_01,0.9853773
3153_01,0.10573282
3153_02,0.69100654
3154_01,0.5347607
3155_01,0.9797295
3155_02,0.8103813
3156_01,0.19396162
3157_01,0.16377217
3160_01,0.04411357
3165_01,0.14002325
3167_01,0.5104907
3170_01,0.57697505
3173_01,0.54480374
3177_01,0.12658861
3178_01,0.9797341
3183_01,0.19655737
3186_01,0.979924
3187_01,0.2760269
3190_01,0.13426091
3190_02,0.47875658
3194_01,0.22508049
3198_01,0.026590262
3199_01,0.94377863
3202_01,0.51004684
3207_01,0.102038994
3208_01,0.22070305
3214_01,0.980044
3222_01,0.12525114
3226_01,0.98057973
3228_01,0.14694676
3231_01,0.69936705
3233_01,0.6613733
3234_01,0.24428985
3242_01,0.09026556
3244_01,0.9188401
3244_02,0.93271744
3244_03,0.9477226
3245_01,0.58656514
3245_02,0.049810592
3246_01,0.7487453
3249_01,0.11051235
3249_02,0.40383187
3250_01,0.19323047
3251_01,0.089625336
3257_01,0.9811393
3261_01,0.04169243
3263_01,0.97623396
3264_01,0.14085993
3265_01,0.02338873
3265_02,0.98555917
3265_03,0.98961747
3265_04,0.9848855
3266_01,0.23713668
3267_01,0.94978696
3277_01,0.02072187
3278_01,0.9765676
3281_01,0.98114777
3285_01,0.051502306
3285_02,0.49594927
3286_01,0.15960929
3288_01,0.9751385
3290_01,0.97514313
3290_02,0.034681175
3291_01,0.59810114
3302_01,0.061617773
3303_01,0.08346912
3306_01,0.018579032
3307_01,0.7629792
3316_01,0.8193248
3320_01,0.015666831
3320_02,0.031504355
3321_01,0.9782319
3333_01,0.49820238
3334_01,0.59219784
3335_01,0.08145863
3340_01,0.067106135
3341_01,0.9881344
3341_02,0.025289703
3344_01,0.9886198
3344_02,0.98898804
3345_01,0.68214256
3345_02,0.13537762
3345_03,0.70857966
3346_01,0.07355652
3347_01,0.9490365
3347_02,0.025571888
3351_01,0.7785007
3351_02,0.768772
3354_01,0.05338829
3355_01,0.6178866
3356_01,0.21938825
3358_01,0.09922579
3362_01,0.3640681
3362_02,0.43658677
3366_01,0.9900832
3367_01,0.62259656
3368_01,0.536677
3368_02,0.7245878
3368_03,0.10644821
3368_04,0.5852936
3368_05,0.6096996
3368_06,0.055176206
3368_07,0.07222154
3369_01,0.040442504
3373_01,0.58587873
3374_01,0.115074776
3375_01,0.10027312
3376_01,0.7795648
3378_01,0.21173134
3379_01,0.7834312
3385_01,0.73158395
3388_01,0.97315663
3393_01,0.470824
3398_01,0.28125206
3399_01,0.07008739
3400_01,0.61859035
3407_01,0.3439274
3407_02,0.12942916
3411_01,0.39038312
3411_02,0.3373583
3411_03,0.25792676
3411_04,0.09267499
3411_05,0.9725661
3411_06,0.9763508
3411_07,0.123457685
3414_01,0.05024889
3416_01,0.013262337
3427_01,0.5577904
3429_01,0.96038926
3435_01,0.06799695
3436_01,0.7247368
3448_01,0.27550945
3448_02,0.5864526
3451_01,0.11315813
3452_01,0.13680956
3457_01,0.74044317
3460_01,0.11870648
3463_01,0.6858292
3466_01,0.14269467
3471_01,0.013321331
3472_01,0.61396617
3477_01,0.011031042
3477_02,0.9171174
3479_01,0.11290898
3481_01,0.051559336
3482_01,0.042064525
3482_02,0.45658654
3493_01,0.58003557
3494_01,0.012725351
3494_02,0.9565393
3498_01,0.24355765
3500_01,0.3004543
3502_01,0.1704554
3503_01,0.4925498
3505_01,0.10759343
3507_01,0.6237303
3508_01,0.24491861
3508_02,0.9354105
3509_01,0.9864106
3509_02,0.19825622
3510_01,0.6965853
3513_01,0.9903984
3513_02,0.98833096
3513_03,0.46183538
3513_04,0.990235
3516_01,0.107329905
3517_01,0.7870997
3522_01,0.6420781
3524_01,0.2159737
3526_01,0.054522973
3529_01,0.97766477
3532_01,0.98146725
3538_01,0.033132702
3541_01,0.1838041
3544_01,0.21677825
3544_02,0.44234428
3545_01,0.2624734
3549_01,0.02104951
3549_02,0.9627226
3551_01,0.10272584
3554_01,0.11567563
3557_01,0.21551338
3571_01,0.6242593
3574_01,0.2810914
3575_01,0.02159397
3580_01,0.96856767
3580_02,0.9884287
3581_01,0.43743116
3583_01,0.2258199
3585_01,0.71016484
3587_01,0.6736134
3587_02,0.33465773
3587_03,0.67567986
3589_01,0.04936763
3589_02,0.49626428
3589_03,0.60794723
3589_04,0.57181466
3589_05,0.17794967
3589_06,0.5486328
3589_07,0.5880762
3590_01,0.16719514
3593_01,0.47445592
3599_01,0.60355586
3601_01,0.06737142
3601_02,0.6257471
3601_03,0.45503873
3601_04,0.699145
3601_05,0.5711341
3601_06,0.09751257
3601_07,0.6065006
3603_01,0.9807537
3603_02,0.98145235
3604_01,0.54908717
3611_01,0.3210851
3617_01,0.11565709
3617_02,0.44248405
3617_03,0.1323775
3618_01,0.94863546
3618_02,0.014669155
3618_03,0.95012295
3618_04,0.030554522
3621_01,0.06719836
3621_02,0.07833586
3623_01,0.6165155
3627_01,0.9834143
3632_01,0.15176342
3633_01,0.97505176
3635_01,0.74092895
3635_02,0.18488427
3637_01,0.057632767
3638_01,0.32843256
3643_01,0.5956311
3646_01,0.83018196
3646_02,0.9434205
3649_01,0.17064132
3651_01,0.98885363
3656_01,0.9227425
3656_02,0.0539745
3657_01,0.9631823
3657_02,0.95793724
3657_03,0.16044386
3659_01,0.30147755
3659_02,0.49733597
3659_03,0.56528056
3659_04,0.50365686
3659_05,0.08657635
3659_06,0.5060422
3659_07,0.6570438
3661_01,0.15085265
3663_01,0.98048794
3666_01,0.7437216
3669_01,0.4478311
3670_01,0.6000941
3672_01,0.23720717
3672_02,0.1612871
3673_01,0.39752907
3675_01,0.73722273
3675_02,0.7916142
3675_03,0.8091553
3676_01,0.99037963
3683_01,0.9825419
3683_02,0.9836524
3684_01,0.7258069
3684_02,0.6883336
3685_01,0.6357871
3687_01,0.95774287
3689_01,0.1802631
3694_01,0.66268337
3695_01,0.18355536
3696_01,0.9771102
3697_01,0.12151261
3698_01,0.14893635
3701_01,0.9619051
3701_02,0.6283158
3701_03,0.9696325
3709_01,0.8645722
3712_01,0.7868346
3712_02,0.8159126
3712_03,0.8421117
3712_04,0.81934893
3712_05,0.7911781
3717_01,0.1550779
3717_02,0.83264506
3718_01,0.98156273
3720_01,0.9730867
3720_02,0.9731992
3720_03,0.9784256
3721_01,0.032916307
3722_01,0.23451786
3723_01,0.38177365
3725_01,0.7999067
3727_01,0.19056638
3730_01,0.9364115
3731_01,0.8650072
3738_01,0.67523324
3740_01,0.26545885
3746_01,0.20503919
3746_02,0.54106283
3746_03,0.59167695
3746_04,0.60462487
3762_01,0.28691474
3763_01,0.111711405
3764_01,0.5649206
3764_02,0.47912115
3766_01,0.97099304
3766_02,0.97462237
3780_01,0.98309577
3782_01,0.1475195
3782_02,0.016634703
3791_01,0.03582284
3792_01,0.7362242
3794_01,0.7784729
3799_01,0.5533599
3800_01,0.11852356
3802_01,0.12624581
3806_01,0.77402985
3808_01,0.51659673
3809_01,0.07431116
3809_02,0.45983678
3813_01,0.5480966
3819_01,0.14167091
3825_01,0.17252745
3827_01,0.2954761
3828_01,0.95943546
3828_02,0.020416576
3828_03,0.980049
3829_01,0.52510005
3829_02,0.8026803
3833_01,0.9832932
3834_01,0.79777324
3837_01,0.093528315
3840_01,0.040320177
3843_01,0.756257
3844_01,0.26642627
3844_02,0.9700327
3845_01,0.43839455
3855_01,0.66990966
3858_01,0.94597137
3858_02,0.95151263
3858_03,0.03196629
3858_04,0.04765584
3859_01,0.9796753
3860_01,0.94063103
3861_01,0.14499018
3863_01,0.35126075
3865_01,0.8168026
3869_01,0.52768373
3876_01,0.98642635
3876_02,0.89208144
3876_03,0.98860836
3877_01,0.17155026
3878_01,0.090741076
3880_01,0.64866525
3881_01,0.37629732
3882_01,0.9548395
3884_01,0.087652035
3885_01,0.13807659
3887_01,0.9759184
3889_01,0.88662565
3889_02,0.85853356
3891_01,0.7197372
3892_01,0.5146904
3892_02,0.061977256
3893_01,0.056608535
3893_02,0.95921487
3893_03,0.1581671
3900_01,0.18798357
3901_01,0.6929655
3902_01,0.96287
3905_01,0.85194254
3906_01,0.011930602
3906_02,0.08951201
3908_01,0.36651194
3908_02,0.51649845
3910_01,0.78068113
3914_01,0.20191264
3918_01,0.10988518
3920_01,0.09096288
3925_01,0.01650218
3925_02,0.085755
3929_01,0.81505954
3934_01,0.98341167
3934_02,0.19523709
3943_01,0.78774893
3943_02,0.7762456
3943_03,0.23907535
3947_01,0.16733888
3951_01,0.13564895
3953_01,0.54471046
3956_01,0.32169902
3957_01,0.5372765
3965_01,0.25212455
3969_01,0.12446628
3972_01,0.97831404
3975_01,0.28925475
3978_01,0.5870418
3979_01,0.012806274
3982_01,0.12948772
3983_01,0.29072246
3989_01,0.8019606
3989_02,0.85311615
3989_03,0.7884511
3989_04,0.72332716
3990_01,0.8469741
3993_01,0.10380335
4004_01,0.122778796
4007_01,0.07134302
4011_01,0.70987284
4012_01,0.9610116
4012_02,0.9858942
4015_01,0.97923267
4015_02,0.13753109
4024_01,0.89845705
4025_01,0.87235767
4028_01,0.6104267
4029_01,0.97824943
4041_01,0.82455385
4048_01,0.9717771
4048_02,0.97346765
4048_03,0.9428693
4051_01,0.77978754
4052_01,0.8775503
4054_01,0.96324885
4054_02,0.9665588
4054_03,0.3642523
4056_01,0.44042143
4057_01,0.1866819
4059_01,0.9775321
4059_02,0.058296014
4062_01,0.03513521
4067_01,0.3618436
4070_01,0.988564
4070_02,0.9911798
4070_03,0.8642478
4073_01,0.16881062
4073_02,0.77687734
4074_01,0.23308483
4077_01,0.014589737
4085_01,0.59441775
4086_01,0.22711924
4086_02,0.74176043
4086_03,0.7642509
4087_01,0.44890532
4088_01,0.7184216
4092_01,0.6340138
4094_01,0.017976444
4094_02,0.015668616
4100_01,0.97874624
4105_01,0.51054233
4111_01,0.83647835
4117_01,0.17375287
4118_01,0.32857314
4119_01,0.89531296
4121_01,0.021082379
4122_01,0.45204347
4123_01,0.1406824
4124_01,0.62612814
4126_01,0.02126939
4133_01,0.9763409
4133_02,0.97735465
4136_01,0.94479907
4136_02,0.031998497
4138_01,0.021117058
4139_01,0.1349384
4146_01,0.3543337
4148_01,0.41638297
4153_01,0.16692634
4155_01,0.9904481
4157_01,0.20894256
4161_01,0.7498463
4162_01,0.79953337
4164_01,0.96994793
4180_01,0.9901411
4180_02,0.029561374
4187_01,0.1315305
4190_01,0.96915615
4192_01,0.34363216
4193_01,0.6374783
4195_01,0.20016113
4198_01,0.95959723
4200_01,0.49431905
4201_01,0.34839103
4202_01,0.9705796
4202_02,0.049755245
4209_01,0.037672773
4217_01,0.28318346
4224_01,0.077048354
4224_02,0.840343
4226_01,0.8905036
4226_02,0.04940365
4227_01,0.7946036
4228_01,0.1268415
4234_01,0.13195829
4234_02,0.06735175
4235_01,0.16523135
4235_02,0.83229923
4236_01,0.6424006
4236_02,0.9808275
4241_01,0.46905074
4247_01,0.7698077
4247_02,0.15268987
4248_01,0.06752838
4248_02,0.121684596
4250_01,0.47114745
4263_01,0.2889068
4263_02,0.806548
4263_03,0.8169233
4265_01,0.99116164
4268_01,0.98371065
4268_02,0.98253214
4269_01,0.5370244
4275_01,0.07842178
4276_01,0.081255525
4277_01,0.62496156
4279_01,0.14322439
4281_01,0.20369451
4282_01,0.98502815
4283_01,0.61835307
4284_01,0.9679267
4284_02,0.1308168
4285_01,0.668527
4286_01,0.5986527
4286_02,0.17589006
4286_03,0.6010865
4287_01,0.6116336
4288_01,0.8483159
4288_02,0.1291137
4290_01,0.116008
4298_01,0.11276798
4298_02,0.98253
4298_03,0.9800789
4299_01,0.32103878
4304_01,0.18617639
4307_01,0.9813185
4308_01,0.68168795
4310_01,0.10300461
4313_01,0.37390023
4314_01,0.50399196
4321_01,0.98165166
4322_01,0.7754554
4323_01,0.98581266
4323_02,0.13618812
4323_03,0.4239739
4323_04,0.9867717
4325_01,0.68703526
4326_01,0.10365617
4328_01,0.7094914
4331_01,0.4986576
4341_01,0.6331806
4341_02,0.5148066
4342_01,0.43185586
4353_01,0.38828793
4355_01,0.5270859
4363_01,0.67933667
4374_01,0.118559286
4375_01,0.96738434
4377_01,0.83213484
4377_02,0.72792065
4377_03,0.8789198
4378_01,0.013206725
4378_02,0.02972807
4379_01,0.812054
4380_01,0.15804043
4381_01,0.88213146
4381_02,0.12757294
4384_01,0.8904276
4385_01,0.5226417
4385_02,0.7520966
4385_03,0.82343847
4389_01,0.08853024
4394_01,0.22048819
4398_01,0.2822848
4406_01,0.21610525
4412_01,0.12583475
4414_01,0.9516735
4417_01,0.9835307
4418_01,0.19240054
4419_01,0.16181299
4419_02,0.14731263
4420_01,0.33148342
4420_02,0.63117397
4421_01,0.26556528
4423_01,0.06043018
4425_01,0.98536205
4425_02,0.8897416
4434_01,0.05095784
4435_01,0.9905922
4435_02,0.8517006
4439_01,0.51340294
4439_02,0.54412377
4442_01,0.9694789
4443_01,0.6835475
4443_02,0.5047482
4454_01,0.9904539
4455_01,0.16925214
4455_02,0.11056284
4455_03,0.50014967
4458_01,0.70463574
4460_01,0.9467536
4468_01,0.81083363
4471_01,0.28868318
4478_01,0.2243694
4480_01,0.34037888
4481_01,0.36433533
4484_01,0.24514405
4488_01,0.25398776
4489_01,0.09111871
4495_01,0.024904747
4499_01,0.53122365
4503_01,0.13127717
4504_01,0.9532882
4507_01,0.02576958
4513_01,0.59918797
4519_01,0.5810191
4520_01,0.1103786
4523_01,0.82352126
4523_02,0.7977521
4523_03,0.18483898
4523_04,0.79963636
4523_05,0.836092
4523_06,0.7999991
4525_01,0.020106362
4526_01,0.5239019
4527_01,0.13562426
4528_01,0.74652445
4536_01,0.041001473
4540_01,0.8523141
4541_01,0.046306096
4545_01,0.26499826
4548_01,0.9888589
4551_01,0.9849825
4551_02,0.97687894
4551_03,0.9897415
4551_04,0.9891979
4554_01,0.08308726
4556_01,0.1570152
4566_01,0.46204847
4578_01,0.22307296
4579_01,0.8523118
4582_01,0.81063235
4582_02,0.7090093
4582_03,0.7386471
4582_04,0.84921753
4582_05,0.81369764
4582_06,0.7420696
4582_07,0.75178105
4583_01,0.9814941
4583_02,0.9820946
4583_03,0.5263582
4584_01,0.27538687
4588_01,0.2434526
4589_01,0.20856449
4590_01,0.14409393
4598_01,0.0948946
4599_01,0.86848813
4600_01,0.75967467
4600_02,0.52278835
4601_01,0.22607052
4614_01,0.35904962
4614_02,0.1928048
4616_01,0.21432158
4618_01,0.34487754
4619_01,0.9628747
4626_01,0.99041665
4626_02,0.37509754
4627_01,0.1630177
4629_01,0.4217762
4636_01,0.65995914
4639_01,0.9855348
4639_02,0.9858674
4639_03,0.047000974
4639_04,0.07885571
4639_05,0.9872244
4639_06,0.98208964
4647_01,0.8659593
4660_01,0.86945784
4666_01,0.28260928
4669_01,0.9891289
4670_01,0.27311915
4671_01,0.912155
4671_02,0.7921227
4671_03,0.81651574
4671_04,0.9272987
4674_01,0.16859074
4675_01,0.07668133
4675_02,0.018813271
4681_01,0.0131375315
4682_01,0.8864485
4683_01,0.97474784
4683_02,0.6209554
4685_01,0.9844079
4687_01,0.08260671
4688_01,0.40420356
4692_01,0.054508496
4697_01,0.98348486
4698_01,0.982406
4700_01,0.97848195
4701_01,0.9834223
4701_02,0.98937285
4701_03,0.988435
4701_04,0.98811233
4702_01,0.9266443
4702_02,0.36511907
4703_01,0.9900363
4703_02,0.9912122
4705_01,0.78732216
4705_02,0.49681002
4707_01,0.088888004
4707_02,0.34710383
4715_01,0.88211095
4716_01,0.48200402
4718_01,0.9910248
4722_01,0.21565716
4724_01,0.9686344
4727_01,0.33896965
4727_02,0.816994
4729_01,0.053804986
4731_01,0.52475226
4734_01,0.053931665
4735_01,0.35707504
4736_01,0.98142874
4737_01,0.12588783
4740_01,0.92870486
4742_01,0.29011923
4745_01,0.6812939
4747_01,0.978335
4747_02,0.11857045
4749_01,0.091762766
4751_01,0.3006577
4760_01,0.81893015
4761_01,0.7576995
4761_02,0.72049683
4761_03,0.6108557
4765_01,0.57347286
4766_01,0.9838637
4767_01,0.6533805
4768_01,0.40542445
4768_02,0.95561755
4771_01,0.9459704
4776_01,0.96981925
4776_02,0.27506736
4776_03,0.977653
4776_04,0.9720601
4779_01,0.042914048
4781_01,0.27578956
4789_01,0.4166491
4799_01,0.18917425
4799_02,0.14327028
4799_03,0.18438648
4800_01,0.30625182
4802_01,0.5690727
4802_02,0.14351273
4805_01,0.61534214
4806_01,0.4575622
4809_01,0.07053595
4811_01,0.91798365
4812_01,0.950895
4816_01,0.54011047
4820_01,0.9731213
4820_02,0.017009301
4821_01,0.3362054
4824_01,0.95864695
4825_01,0.98616993
4826_01,0.9344044
4833_01,0.011189689
4833_02,0.41669855
4834_01,0.9140588
4835_01,0.101987764
4839_01,0.25101689
4843_01,0.12259325
4843_02,0.07593113
4844_01,0.698503
4849_01,0.9823982
4852_01,0.6402515
4854_01,0.985319
4855_01,0.645043
4855_02,0.52162373
4858_01,0.049993653
4859_01,0.9065994
4860_01,0.6339307
4861_01,0.46486282
4865_01,0.121462144
4867_01,0.27674404
4869_01,0.13333079
4872_01,0.33140862
4877_01,0.44188762
4894_01,0.92481834
4905_01,0.7091609
4906_01,0.3621334
4907_01,0.93263113
4908_01,0.4122862
4914_01,0.10999924
4919_01,0.5392065
4921_01,0.012651635
4922_01,0.67763656
4926_01,0.04369646
4928_01,0.40912905
4931_01,0.63080764
4935_01,0.14652461
4935_02,0.64829063
4935_03,0.61406106
4936_01,0.044188935
4947_01,0.36028877
4948_01,0.057733428
4949_01,0.9786623
4949_02,0.011045485
4953_01,0.9723765
4955_01,0.1062083
4957_01,0.98704404
4959_01,0.98452234
4960_01,0.23347123
4962_01,0.97354805
4966_01,0.9863383
4966_02,0.988385
4967_01,0.29886377
4968_01,0.5351249
4969_01,0.22725327
4969_02,0.6309951
4971_01,0.9151289
4976_01,0.35818362
4982_01,0.9108243
4984_01,0.53642017
4984_02,0.47120896
4985_01,0.98284626
4986_01,0.18089813
4988_01,0.96673095
4993_01,0.6807877
4994_01,0.2149745
5001_01,0.83860886
5002_01,0.9396407
5011_01,0.77860016
5022_01,0.14852504
5024_01,0.8840129
5024_02,0.8438071
5024_03,0.8764423
5024_04,0.5023642
5024_05,0.88116944
5026_01,0.4983709
5029_01,0.97940004
5029_02,0.9683935
5030_01,0.9071461
5031_01,0.06246656
5031_02,0.6772531
5033_01,0.20100975
5033_02,0.011108722
5037_01,0.25655597
5038_01,0.024043445
5038_02,0.9821307
5041_01,0.6453619
5043_01,0.9722164
5043_02,0.9806711
5043_03,0.23177901
5045_01,0.982601
5046_01,0.91376495
5047_01,0.92571276
5049_01,0.08870194
5053_01,0.21913226
5054_01,0.05651613
5055_01,0.603239
5056_01,0.9495119
5056_02,0.82716817
5066_01,0.7211336
5071_01,0.6892751
5075_01,0.60929024
5077_01,0.15760191
5078_01,0.11897917
5079_01,0.985
5081_01,0.42486033
5082_01,0.6586
5086_01,0.9833375
5086_02,0.48711762
5092_01,0.940168
5094_01,0.69275045
5094_02,0.22511789
5096_01,0.078025244
5096_02,0.07354367
5098_01,0.5211359
5098_02,0.7019448
5098_03,0.94771975
5099_01,0.22965868
5100_01,0.98421896
5101_01,0.95203173
5102_01,0.08229013
5107_01,0.09432608
5110_01,0.96976817
5113_01,0.19302756
5114_01,0.9858435
5117_01,0.18787786
5118_01,0.9641921
5119_01,0.32990393
5121_01,0.075660534
5123_01,0.20129661
5131_01,0.42808717
5131_02,0.97668046
5134_01,0.090052366
5135_01,0.033904344
5139_01,0.21021442
5141_01,0.9804848
5143_01,0.93370783
5147_01,0.91785926
5149_01,0.028773602
5149_02,0.9738569
5150_01,0.9853567
5153_01,0.91482294
5155_01,0.20738062
5159_01,0.9432985
5159_02,0.023357904
5164_01,0.99005616
5164_02,0.9772046
5168_01,0.10013714
5169_01,0.19574663
5172_01,0.1295516
5178_01,0.89377916
5183_01,0.9457841
5189_01,0.9534389
5191_01,0.020078758
5195_01,0.041897632
5200_01,0.38816473
5203_01,0.9304348
5203_02,0.98485816
5212_01,0.5051201
5215_01,0.012146857
5219_01,0.97644615
5219_02,0.82471246
5222_01,0.9071702
5228_01,0.41238555
5228_02,0.94201934
5231_01,0.12178832
5232_01,0.030688232
5232_02,0.04163422
5233_01,0.574309
5237_01,0.98072463
5241_01,0.5088833
5241_02,0.8131975
5245_01,0.39117554
5259_01,0.4253296
5261_01,0.24792728
5263_01,0.15284698
5267_01,0.53783906
5267_02,0.5599793
5267_03,0.5774032
5270_01,0.5813066
5283_01,0.20244145
5284_01,0.9550804
5285_01,0.98266095
5286_01,0.04193919
5289_01,0.74407476
5293_01,0.09362757
5293_02,0.08750732
5294_01,0.60435236
5295_01,0.027217139
5296_01,0.35953546
5302_01,0.9486257
5306_01,0.39481676
5306_02,0.95847
5308_01,0.9047557
5308_02,0.91382945
5308_03,0.45829678
5309_01,0.98254263
5311_01,0.57229006
5317_01,0.4794472
5317_02,0.9501294
5318_01,0.5985391
5318_02,0.8119124
5319_01,0.1256368
5321_01,0.47364253
5324_01,0.5969699
5328_01,0.9821332
5329_01,0.05159513
5329_02,0.55767417
5329_03,0.4392175
5329_04,0.48177633
5329_05,0.258243
5329_06,0.413117
5329_07,0.4461742
5332_01,0.7274269
5335_01,0.95268154
5335_02,0.92793596
5335_03,0.08044992
5335_04,0.8639144
5336_01,0.63604546
5338_01,0.95065945
5339_01,0.25519466
5339_02,0.9690749
5339_03,0.98605365
5342_01,0.30910408
5349_01,0.6813687
5352_01,0.7028869
5357_01,0.9631192
5357_02,0.9707901
5357_03,0.027298683
5357_04,0.052782536
5358_01,0.24198937
5364_01,0.73301077
5369_01,0.67973393
5369_02,0.118239745
5369_03,0.9764079
5370_01,0.64058435
5371_01,0.9829639
5371_02,0.12630248
5371_03,0.98114413
5371_04,0.9813784
5373_01,0.25975895
5376_01,0.9871646
5376_02,0.98340005
5377_01,0.9863264
5381_01,0.05135882
5382_01,0.99090385
5382_02,0.99132663
5386_01,0.5615667
5391_01,0.098885916
5393_01,0.18301305
5398_01,0.9801099
5399_01,0.1999897
5400_01,0.5430152
5403_01,0.115002275
5405_01,0.061096765
5407_01,0.55743754
5409_01,0.10561627
5417_01,0.021462178
5419_01,0.1442472
5426_01,0.93543166
5428_01,0.3327605
5428_02,0.7107258
5429_01,0.12843195
5432_01,0.8715278
5433_01,0.94997233
5439_01,0.26477215
5442_01,0.1824831
5444_01,0.50742763
5448_01,0.09430219
5449_01,0.17728278
5456_01,0.095659025
5460_01,0.14337245
5461_01,0.017612329
5464_01,0.065206975
5473_01,0.44947076
5473_02,0.09662645
5481_01,0.9886066
5482_01,0.52649444
5482_02,0.3398794
5486_01,0.83864546
5493_01,0.94493085
5495_01,0.97829455
5498_01,0.5939722
5498_02,0.59378004
5502_01,0.85519636
5503_01,0.08816996
5505_01,0.38917297
5505_02,0.90134954
5505_03,0.9336897
5513_01,0.92189085
5513_02,0.92637616
5513_03,0.2139583
5513_04,0.9419378
5516_01,0.31399024
5518_01,0.18365611
5519_01,0.25212163
5525_01,0.21374016
5532_01,0.77389455
5533_01,0.29963446
5534_01,0.6869406
5542_01,0.056114625
5547_01,0.5605334
5548_01,0.5256697
5549_01,0.970885
5553_01,0.97285527
5553_02,0.6870972
5554_01,0.58162004
5558_01,0.09395168
5562_01,0.9802003
5562_02,0.9848093
5564_01,0.07697407
5565_01,0.5075343
5567_01,0.34650344
5570_01,0.93067807
5576_01,0.6316091
5577_01,0.9456543
5577_02,0.9354884
5577_03,0.95416117
5577_04,0.95703065
5577_05,0.94682646
5579_01,0.96143913
5584_01,0.9629253
5584_02,0.124319896
5588_01,0.15215924
5588_02,0.97625715
5588_03,0.9781079
5588_04,0.79219764
5588_05,0.9743086
5590_01,0.5208039
5593_01,0.12407781
5597_01,0.9306833
5600_01,0.66848093
5604_01,0.4623106
5605_01,0.28617042
5607_01,0.53536797
5612_01,0.9574512
5617_01,0.1637697
5620_01,0.34246913
5620_02,0.071987346
5621_01,0.520028
5624_01,0.9613595
5630_01,0.8725384
5632_01,0.98331547
5633_01,0.14491281
5634_01,0.76674926
5635_01,0.14771654
5636_01,0.10864085
5638_01,0.95247936
5641_01,0.9528681
5649_01,0.9818225
5654_01,0.18448916
5656_01,0.49674648
5657_01,0.014586529
5658_01,0.058275722
5660_01,0.10396322
5664_01,0.9217941
5664_02,0.9366357
5664_03,0.9374356
5664_04,0.89468604
5665_01,0.2273043
5666_01,0.0981591
5668_01,0.9616095
5669_01,0.95498943
5670_01,0.961135
5672_01,0.74469066
5675_01,0.80699253
5676_01,0.5078323
5678_01,0.9763112
5678_02,0.41485968
5682_01,0.96581066
5683_01,0.11870439
5690_01,0.26838636
5691_01,0.9838169
5694_01,0.96797943
5697_01,0.36007234
5699_01,0.342717
5703_01,0.28673035
5708_01,0.6580061
5715_01,0.8424555
5715_02,0.84010583
5720_01,0.506121
5720_02,0.45878363
5731_01,0.047866203
5731_02,0.5671301
5734_01,0.9841806
5734_02,0.07635991
5741_01,0.050039493
5743_01,0.091324575
5745_01,0.8150028
5749_01,0.16309053
5752_01,0.12901257
5753_01,0.3805716
5754_01,0.015958015
5759_01,0.9553835
5760_01,0.28873786
5762_01,0.1940415
5766_01,0.9815985
5770_01,0.9793574
5774_01,0.16328049
5775_01,0.979396
5782_01,0.50097954
5782_02,0.30940622
5782_03,0.93310225
5782_04,0.9470342
5784_01,0.76439315
5787_01,0.13888943
5787_02,0.69005114
5787_03,0.35926184
5789_01,0.9426857
5789_02,0.94917935
5797_01,0.9786482
5798_01,0.2310673
5801_01,0.49704164
5803_01,0.5894505
5805_01,0.22521082
5807_01,0.24774082
5815_01,0.033259977
5815_02,0.043832187
5815_03,0.13639677
5815_04,0.011719134
5830_01,0.7757243
5832_01,0.1569536
5833_01,0.32061547
5838_01,0.54177207
5841_01,0.96924675
5841_02,0.9740472
5841_03,0.97011966
5845_01,0.708114
5850_01,0.990513
5851_01,0.30085403
5851_02,0.9660198
5853_01,0.15042403
5862_01,0.67108095
5864_01,0.8309072
5865_01,0.2128925
5866_01,0.46792793
5870_01,0.64366597
5872_01,0.7208357
5873_01,0.12923679
5873_02,0.6773249
5873_03,0.3196
5881_01,0.989847
5883_01,0.965436
5884_01,0.20181605
5892_01,0.08057972
5893_01,0.12989816
5893_02,0.52469695
5895_01,0.03793813
5896_01,0.47001833
5899_01,0.25593728
5904_01,0.9785387
5904_02,0.041452035
5910_01,0.14189744
5911_01,0.9339442
5911_02,0.18674473
5911_03,0.046371598
5911_04,0.9290328
5911_05,0.9254309
5911_06,0.92941254
5914_01,0.9579582
5917_01,0.9600562
5918_01,0.59611684
5926_01,0.62890524
5929_01,0.91447294
5932_01,0.09361471
5935_01,0.10122274
5936_01,0.96647435
5936_02,0.984104
5936_03,0.01201396
5936_04,0.7508275
5936_05,0.01803678
5937_01,0.96096134
5940_01,0.5286066
5942_01,0.9742998
5942_02,0.980507
5943_01,0.08369576
5948_01,0.10356027
5958_01,0.73528737
5961_01,0.97898465
5961_02,0.97953904
5962_01,0.6358899
5964_01,0.99049443
5964_02,0.9896576
5966_01,0.9459863
5966_02,0.95756453
5978_01,0.14065003
5978_02,0.4531507
5979_01,0.67014116
5982_01,0.06371042
5996_01,0.95168686
5997_01,0.6715927
5997_02,0.9808962
6002_01,0.50918853
6005_01,0.940884
6005_02,0.9310845
6005_03,0.94386417
6005_04,0.018192781
6005_05,0.9383396
6009_01,0.017315555
6009_02,0.021310717
6012_01,0.06703116
6013_01,0.5701451
6018_01,0.08895689
6021_01,0.9585762
6023_01,0.10299562
6037_01,0.68286604
6044_01,0.08569666
6044_02,0.6448208
6046_01,0.8217324
6050_01,0.9787712
6051_01,0.018957457
6051_02,0.118962385
6053_01,0.2125915
6056_01,0.032027118
6057_01,0.43764845
6060_01,0.13285503
6063_01,0.7758295
6072_01,0.25461566
6074_01,0.6019956
6074_02,0.5206211
6074_03,0.9635204
6078_01,0.76749176
6079_01,0.5658874
6081_01,0.96795416
6081_02,0.29438263
6081_03,0.97216475
6081_04,0.9772972
6083_01,0.18819873
6084_01,0.9063616
6088_01,0.4860931
6089_01,0.9537485
6093_01,0.66059124
6097_01,0.18127388
6100_01,0.5498427
6104_01,0.9684769
6113_01,0.06652161
6114_01,0.07827819
6119_01,0.9780129
6119_02,0.3989332
6119_03,0.9819005
6125_01,0.11130194
6129_01,0.05314539
6131_01,0.1580182
6134_01,0.8963312
6140_01,0.17281574
6142_01,0.11806133
6142_02,0.9591321
6144_01,0.6157772
6147_01,0.1451972
6151_01,0.022150537
6151_02,0.9822612
6154_01,0.73686326
6159_01,0.2396833
6160_01,0.39207673
6160_02,0.95846426
6161_01,0.6846222
6164_01,0.89851093
6165_01,0.78589237
6177_01,0.016453806
6183_01,0.06555964
6185_01,0.01475249
6187_01,0.9799142
6188_01,0.62609816
6190_01,0.60479563
6193_01,0.977211
6193_02,0.9749346
6193_03,0.14210641
6193_04,0.54813766
6195_01,0.18281698
6196_01,0.964793
6197_01,0.7223642
6198_01,0.07679801
6202_01,0.94570696
6203_01,0.057579912
6204_01,0.97101337
6209_01,0.0145355705
6209_02,0.9541049
6210_01,0.9904401
6212_01,0.64602625
6214_01,0.45077282
6217_01,0.9890583
6217_02,0.02939723
6221_01,0.98151225
6226_01,0.09067622
6231_01,0.9580326
6231_02,0.9495292
6231_03,0.61424446
6233_01,0.28257158
6233_02,0.68403894
6233_03,0.96540517
6235_01,0.96481055
6240_01,0.736645
6242_01,0.98962486
6244_01,0.08062061
6244_02,0.92539215
6247_01,0.064837076
6255_01,0.9726535
6257_01,0.60907155
6257_02,0.08677136
6257_03,0.6977078
6258_01,0.48498613
6259_01,0.29213804
6260_01,0.06342782
6260_02,0.028073987
6261_01,0.4544569
6261_02,0.5135428
6267_01,0.012908623
6267_02,0.23872595
6267_03,0.9630988
6267_04,0.9794105
6267_05,0.9790476
6267_06,0.96102256
6269_01,0.6072821
6269_02,0.031260677
6269_03,0.99053514
6272_01,0.17215425
6272_02,0.9729487
6275_01,0.455887
6278_01,0.98066676
6278_02,0.9780733
6284_01,0.97427577
6286_01,0.65323925
6286_02,0.8984809
6287_01,0.37100223
6287_02,0.14978936
6288_01,0.988558
6288_02,0.1347439
6288_03,0.98991597
6288_04,0.98222744
6291_01,0.48858285
6294_01,0.9522274
6295_01,0.9784975
6295_02,0.37540942
6298_01,0.9727707
6303_01,0.20061216
6306_01,0.95616055
6307_01,0.17380926
6310_01,0.07064532
6311_01,0.59786546
6312_01,0.82473433
6312_02,0.012585739
6314_01,0.48773116
6329_01,0.22492507
6332_01,0.47501564
6332_02,0.5159103
6332_03,0.45613366
6332_04,0.09995954
6332_05,0.09205828
6332_06,0.5711411
6332_07,0.51033723
6332_08,0.10365307
6333_01,0.06159069
6336_01,0.37049896
6337_01,0.94539815
6342_01,0.44858375
6342_02,0.06530473
6345_01,0.97335994
6345_02,0.97393197
6350_01,0.46663648
6352_01,0.9829836
6352_02,0.9772049
6358_01,0.61306465
6358_02,0.5661407
6359_01,0.12668647
6362_01,0.3959943
6364_01,0.93605965
6375_01,0.09717873
6377_01,0.97845936
6379_01,0.06861782
6382_01,0.15576854
6383_01,0.95095205
6383_02,0.91948736
6383_03,0.91117114
6384_01,0.53526336
6386_01,0.54231894
6387_01,0.17992389
6389_01,0.066293314
6391_01,0.9123039
6391_02,0.96994793
6392_01,0.9801688
6393_01,0.35741597
6395_01,0.5583718
6401_01,0.9594259
6401_02,0.020319978
6403_01,0.08722069
6410_01,0.13442978
6410_02,0.028633486
6417_01,0.97526866
6420_01,0.3967694
6423_01,0.044814013
6425_01,0.094137795
6425_02,0.35029882
6426_01,0.07357736
6427_01,0.97651374
6429_01,0.94038236
6435_01,0.094387576
6438_01,0.020435965
6440_01,0.7015107
6441_01,0.12320359
6445_01,0.051894784
6460_01,0.6800827
6465_01,0.9611083
6466_01,0.11788861
6467_01,0.052368898
6469_01,0.95389044
6474_01,0.79700893
6476_01,0.20326361
6479_01,0.95130014
6479_02,0.9351017
6483_01,0.97477895
6484_01,0.36555272
6486_01,0.9593297
6491_01,0.1356442
6491_02,0.27934998
6491_03,0.9571355
6495_01,0.33183753
6496_01,0.6444645
6496_02,0.29368457
6497_01,0.5109149
6498_01,0.907286
6499_01,0.53232783
6499_02,0.07445973
6499_03,0.46816358
6499_04,0.5954114
6499_05,0.062470537
6499_06,0.7359485
6499_07,0.5378126
6499_08,0.5814389
6504_01,0.9790305
6504_02,0.6491642
6505_01,0.12052548
6506_01,0.17318639
6506_02,0.44112015
6507_01,0.6728662
6515_01,0.66229755
6516_01,0.99040526
6516_02,0.99080706
6518_01,0.9334059
6519_01,0.089321546
6521_01,0.07856192
6524_01,0.18944319
6527_01,0.6542622
6528_01,0.7235959
6532_01,0.11183594
6533_01,0.5791326
6533_02,0.07604657
6534_01,0.19021189
6536_01,0.18327695
6537_01,0.0784324
6538_01,0.23498556
6542_01,0.17265968
6543_01,0.85946167
6550_01,0.020196306
6551_01,0.72392684
6554_01,0.4462304
6555_01,0.5985915
6559_01,0.93175995
6559_02,0.91378766
6559_03,0.39146152
6564_01,0.5042507
6564_02,0.97984517
6566_01,0.13646829
6571_01,0.107833706
6575_01,0.9907018
6576_01,0.97656596
6577_01,0.5205534
6577_02,0.12521046
6577_03,0.94902575
6579_01,0.68712837
6581_01,0.16666734
6584_01,0.97958535
6586_01,0.06004669
6587_01,0.9547855
6589_01,0.9534381
6596_01,0.46177235
6596_02,0.030464714
6597_01,0.3785528
6600_01,0.93532765
6600_02,0.060041834
6605_01,0.9542233
6605_02,0.9240917
6607_01,0.6680174
6610_01,0.60138226
6612_01,0.91579616
6612_02,0.33282477
6612_03,0.12063696
6612_04,0.93072927
6612_05,0.5913969
6612_06,0.94060135
6615_01,0.9760755
6617_01,0.9527787
6617_02,0.9875762
6617_03,0.9879734
6619_01,0.016908726
6627_01,0.7538744
6629_01,0.9102351
6632_01,0.2926521
6636_01,0.9548024
6640_01,0.98253965
6644_01,0.41596943
6648_01,0.6971896
6651_01,0.13951142
6653_01,0.82067096
6657_01,0.5931449
6658_01,0.94589674
6658_02,0.9731458
6658_03,0.054858632
6661_01,0.62351644
6666_01,0.13772589
6677_01,0.69078237
6678_01,0.11728223
6678_02,0.9640357
6679_01,0.13538346
6682_01,0.97259855
6682_02,0.7348977
6685_01,0.038875572
6686_01,0.09985665
6687_01,0.099163495
6688_01,0.9699647
6689_01,0.106806315
6689_02,0.31755084
6690_01,0.9568936
6695_01,0.4628914
6696_01,0.70012057
6700_01,0.6418595
6700_02,0.07475366
6701_01,0.9896062
6703_01,0.026795536
6704_01,0.25521338
6705_01,0.1699864
6710_01,0.941926
6712_01,0.30107385
6714_01,0.51674527
6715_01,0.31355077
6716_01,0.06858949
6717_01,0.9787396
6723_01,0.08018078
6728_01,0.9784085
6732_01,0.36859486
6733_01,0.5814687
6735_01,0.10438005
6737_01,0.57427835
6738_01,0.31682736
6738_02,0.9635398
6740_01,0.10780232
6743_01,0.9784171
6752_01,0.15415156
6752_02,0.38770336
6752_03,0.107182585
6755_01,0.07158406
6759_01,0.7330123
6767_01,0.0307202
6767_02,0.37887174
6768_01,0.22766387
6769_01,0.9794674
6770_01,0.98108596
6770_02,0.9814455
6770_03,0.983844
6771_01,0.13517034
6772_01,0.51406753
6772_02,0.2092158
6777_01,0.98661214
6781_01,0.78793204
6783_01,0.62854046
6785_01,0.6491419
6790_01,0.36296305
6791_01,0.8472538
6793_01,0.9147547
6793_02,0.96900046
6795_01,0.0841298
6797_01,0.074390486
6803_01,0.26980197
6804_01,0.5172647
6807_01,0.5347922
6807_02,0.54903364
6809_01,0.12844212
6811_01,0.68172175
6812_01,0.36634794
6812_02,0.18363759
6815_01,0.16140473
6819_01,0.36155003
6819_02,0.957317
6819_03,0.9507723
6823_01,0.94586575
6828_01,0.9458391
6830_01,0.692551
6835_01,0.65295976
6835_02,0.41106805
6836_01,0.42614102
6838_01,0.96728534
6838_02,0.015214746
6838_03,0.016177228
6842_01,0.09857565
6845_01,0.9539359
6846_01,0.049940158
6847_01,0.021337114
6849_01,0.012957496
6852_01,0.5728533
6852_02,0.06128315
6855_01,0.21963835
6856_01,0.03233599
6860_01,0.13345453
6867_01,0.312062
6870_01,0.14665109
6872_01,0.57251847
6874_01,0.9298649
6875_01,0.18831281
6875_02,0.029101482
6875_03,0.8300148
6876_01,0.5114129
6876_02,0.9118861
6876_03,0.92169046
6877_01,0.114085376
6878_01,0.97809255
6881_01,0.25261226
6884_01,0.583189
6886_01,0.93837565
6888_01,0.2672332
6888_02,0.9795265
6888_03,0.97985345
6888_04,0.028946677
6890_01,0.09957505
6897_01,0.40895337
6904_01,0.5426427
6904_02,0.56723183
6904_03,0.45452493
6909_01,0.96961373
6914_01,0.9124401
6916_01,0.9707357
6919_01,0.5967868
6922_01,0.71739674
6923_01,0.9734284
6927_01,0.1351994
6933_01,0.9700834
6933_02,0.9571165
6935_01,0.053239893
6936_01,0.07649784
6936_02,0.036880128
6936_03,0.97002393
6938_01,0.6613219
6941_01,0.61767113
6942_01,0.92414284
6948_01,0.9314354
6952_01,0.9820277
6953_01,0.24742691
6955_01,0.09447888
6956_01,0.10728862
6958_01,0.33658966
6959_01,0.05999714
6959_02,0.9207692
6959_03,0.93656886
6961_01,0.23905769
6961_02,0.014794841
6965_01,0.97075146
6969_01,0.0485632
6974_01,0.14930224
6975_01,0.07594414
6983_01,0.96734935
6983_02,0.0274427
6986_01,0.56245
6986_02,0.053873133
6986_03,0.6501013
6986_04,0.532639
6986_05,0.47877416
6986_06,0.5472485
6986_07,0.43035388
6986_08,0.39903313
6989_01,0.89888734
6993_01,0.19452564
7000_01,0.97078335
7003_01,0.10751206
7009_01,0.092350096
7009_02,0.094394684
7012_01,0.97542906
7023_01,0.1668994
7024_01,0.6466336
7030_01,0.27634937
7033_01,0.16179626
7035_01,0.7095872
7043_01,0.8986081
7046_01,0.017260946
7046_02,0.4665389
7046_03,0.2171102
7054_01,0.9865452
7054_02,0.9898046
7055_01,0.968881
7063_01,0.37079334
7063_02,0.014448014
7064_01,0.6842412
7065_01,0.7763942
7066_01,0.093070984
7066_02,0.8817731
7067_01,0.91284466
7067_02,0.90824187
7067_03,0.17608339
7070_01,0.8491685
7075_01,0.05684494
7076_01,0.57951313
7081_01,0.94785994
7081_02,0.9776019
7100_01,0.954203
7100_02,0.016764838
7101_01,0.02368271
7101_02,0.023736361
7102_01,0.95378816
7103_01,0.060903907
7103_02,0.9806242
7107_01,0.6747154
7108_01,0.2444671
7112_01,0.7471958
7115_01,0.9663846
7122_01,0.5983372
7123_01,0.08246796
7124_01,0.9774648
7124_02,0.9842032
7124_03,0.24238983
7125_01,0.9319259
7129_01,0.5572213
7130_01,0.62132275
7130_02,0.6617549
7130_03,0.30231065
7130_04,0.43158874
7130_05,0.762459
7130_06,0.6449706
7130_07,0.08272266
7131_01,0.54731435
7135_01,0.9141324
7135_02,0.719131
7135_03,0.67542
7135_04,0.9077708
7136_01,0.6395016
7138_01,0.0777448
7139_01,0.023294402
7141_01,0.2138207
7145_01,0.16822085
7146_01,0.033569373
7147_01,0.9904167
7150_01,0.51120573
7150_02,0.5457545
7153_01,0.096678734
7154_01,0.09847869
7158_01,0.07960114
7163_01,0.9745509
7163_02,0.9830575
7163_03,0.012744131
7164_01,0.18228045
7169_01,0.9156666
7172_01,0.04135532
7172_02,0.082476154
7174_01,0.087012485
7178_01,0.97253066
7183_01,0.5354873
7185_01,0.96888083
7195_01,0.9012059
7196_01,0.9744855
7198_01,0.6666862
7201_01,0.13628024
7204_01,0.059399188
7209_01,0.79632795
7209_02,0.6599308
7211_01,0.042846598
7212_01,0.67523706
7213_01,0.6809553
7220_01,0.08543047
7222_01,0.46042776
7223_01,0.97880495
7228_01,0.91504925
7231_01,0.08739914
7237_01,0.9312706
7239_01,0.56903225
7241_01,0.926853
7241_02,0.014803469
7243_01,0.91909075
7243_02,0.8944973
7243_03,0.9230682
7243_04,0.12087556
7243_05,0.9086857
7244_01,0.92286825
7245_01,0.92868185
7248_01,0.08419881
7248_02,0.97125196
7251_01,0.70433176
7254_01,0.052357204
7262_01,0.15691574
7263_01,0.15341789
7264_01,0.11204956
7265_01,0.25109896
7266_01,0.24286678
7266_02,0.8850681
7266_03,0.90291536
7269_01,0.14209819
7269_02,0.5012864
7272_01,0.6940779
7275_01,0.78533405
7281_01,0.8782943
7282_01,0.6770358
7286_01,0.08655659
7287_01,0.9898537
7288_01,0.124105595
7291_01,0.92468405
7293_01,0.22308512
7294_01,0.23506129
7295_01,0.6100433
7295_02,0.2041401
7299_01,0.52177364
7308_01,0.9897377
7312_01,0.68815506
7315_01,0.5797931
7316_01,0.4885158
7317_01,0.070412256
7318_01,0.1569429
7319_01,0.54832804
7319_02,0.6122016
7319_03,0.5081359
7325_01,0.10628679
7329_01,0.14925954
7329_02,0.34166497
7329_03,0.9487356
7333_01,0.1403073
7335_01,0.69563013
7345_01,0.12878188
7348_01,0.06388545
7348_02,0.97636205
7348_03,0.97263086
7349_01,0.10610463
7352_01,0.18139271
7354_01,0.94206274
7354_02,0.9344698
7354_03,0.9572457
7354_04,0.011776546
7354_05,0.9545811
7354_06,0.23207064
7355_01,0.0780922
7357_01,0.9261632
7362_01,0.2709809
7363_01,0.5659634
7364_01,0.5439826
7368_01,0.9732584
7369_01,0.048716206
7373_01,0.9888555
7373_02,0.99005145
7375_01,0.56666446
7378_01,0.06349087
7380_01,0.97872066
7380_02,0.9877453
7380_03,0.026221585
7380_04,0.9840518
7381_01,0.79270756
7382_01,0.9232869
7383_01,0.70618016
7383_02,0.117208086
7384_01,0.1328658
7386_01,0.57050425
7389_01,0.9802886
7397_01,0.45137492
7400_01,0.10741246
7404_01,0.9212144
7407_01,0.2839034
7409_01,0.11526233
7409_02,0.5026114
7412_01,0.98996925
7413_01,0.69898665
7413_02,0.5223142
7414_01,0.07082793
7415_01,0.10131709
7417_01,0.07129063
7417_02,0.08438115
7420_01,0.10430547
7421_01,0.7813579
7421_02,0.6077256
7423_01,0.08306474
7423_02,0.97873324
7424_01,0.056733828
7426_01,0.9885333
7426_02,0.9883987
7426_03,0.9898602
7433_01,0.61066747
7434_01,0.053807545
7439_01,0.117258504
7439_02,0.98807114
7440_01,0.10351144
7441_01,0.96894217
7443_01,0.67296654
7451_01,0.398013
7454_01,0.103847146
7463_01,0.13824567
7465_01,0.34749052
7466_01,0.12075727
7467_01,0.18312944
7468_01,0.46610802
7469_01,0.14468654
7470_01,0.70766485
7471_01,0.6639339
7471_02,0.09300589
7473_01,0.118055485
7473_02,0.16564693
7474_01,0.5184848
7476_01,0.61816865
7480_01,0.08786099
7482_01,0.9750719
7482_02,0.056699373
7489_01,0.46303678
7489_02,0.12950417
7489_03,0.36727217
7491_01,0.64255965
7493_01,0.51471025
7497_01,0.6055497
7511_01,0.64785033
7516_01,0.492774
7519_01,0.062589854
7526_01,0.9809769
7528_01,0.5362498
7528_02,0.8032591
7528_03,0.0936776
7528_04,0.76553875
7530_01,0.98712236
7530_02,0.025495484
7530_03,0.028260862
7530_04,0.013295017
7532_01,0.73547065
7537_01,0.7718267
7539_01,0.9798635
7539_02,0.83131486
7540_01,0.105432674
7541_01,0.9741343
7541_02,0.9786755
7541_03,0.6293632
7546_01,0.9869741
7547_01,0.61768645
7548_01,0.18956062
7551_01,0.7213134
7554_01,0.59506834
7555_01,0.19971941
7556_01,0.98867244
7556_02,0.9894109
7556_03,0.80991143
7556_04,0.990664
7557_01,0.07431357
7557_02,0.9728605
7557_03,0.97322273
7558_01,0.07648214
7558_02,0.98273736
7562_01,0.10295485
7564_01,0.066498265
7566_01,0.32910728
7570_01,0.77023584
7570_02,0.1651766
7571_01,0.08045311
7575_01,0.13361555
7581_01,0.23386545
7582_01,0.5546569
7582_02,0.43357855
7582_03,0.60325825
7582_04,0.29506162
7582_05,0.5961692
7587_01,0.481144
7589_01,0.6082966
7590_01,0.73700905
7591_01,0.7263981
7591_02,0.41750818
7593_01,0.96010447
7597_01,0.40593663
7597_02,0.6536426
7597_03,0.063823834
7597_04,0.45357537
7597_05,0.14312045
7597_06,0.54719555
7597_07,0.10924139
7600_01,0.94961435
7600_02,0.13613206
7602_01,0.9734686
7603_01,0.650481
7607_01,0.18327524
7610_01,0.69365346
7610_02,0.33386895
7611_01,0.03905335
7611_02,0.16247621
7612_01,0.05875755
7612_02,0.6269814
7613_01,0.97211057
7615_01,0.086489506
7617_01,0.32369488
7619_01,0.63854766
7629_01,0.74150306
7629_02,0.32944363
7629_03,0.8286611
7636_01,0.07953163
7637_01,0.9586996
7637_02,0.037501756
7637_03,0.9618298
7638_01,0.5106425
7642_01,0.9795618
7645_01,0.9895593
7648_01,0.80920297
7651_01,0.9784328
7653_01,0.13164452
7654_01,0.982967
7655_01,0.58904976
7657_01,0.11519022
7658_01,0.9277469
7659_01,0.09971963
7662_01,0.975911
7663_01,0.75576013
7664_01,0.07229633
7668_01,0.5274425
7672_01,0.013779278
7673_01,0.29862946
7674_01,0.08224566
7675_01,0.3469842
7681_01,0.5490084
7685_01,0.5917611
7686_01,0.73918205
7695_01,0.29836676
7701_01,0.15769574
7704_01,0.8558318
7706_01,0.9711944
7718_01,0.98716
7722_01,0.29288894
7725_01,0.97005224
7726_01,0.5939926
7730_01,0.11014734
7732_01,0.10680596
7733_01,0.09268608
7734_01,0.53147084
7735_01,0.09378533
7737_01,0.50733066
7740_01,0.4744299
7740_02,0.32500535
7745_01,0.44283342
7750_01,0.12294129
7756_01,0.88318473
7758_01,0.08716822
7759_01,0.5579608
7762_01,0.124297835
7765_01,0.67916596
7765_02,0.565421
7765_03,0.5664692
7766_01,0.11555233
7772_01,0.4777678
7779_01,0.6314124
7781_01,0.10072819
7792_01,0.987487
7792_02,0.98574924
7792_03,0.9879075
7792_04,0.075385526
7792_05,0.98787403
7794_01,0.069390856
7795_01,0.11804862
7795_02,0.53818196
7796_01,0.073394984
7798_01,0.39023685
7798_02,0.7401044
7799_01,0.49733862
7804_01,0.024663739
7807_01,0.605766
7811_01,0.6084794
7814_01,0.44419923
7817_01,0.12751965
7819_01,0.61877537
7822_01,0.283937
7823_01,0.7489333
7825_01,0.027572513
7825_02,0.94042623
7825_03,0.08616569
7826_01,0.98862
7827_01,0.9878422
7836_01,0.14620568
7838_01,0.9888253
7844_01,0.13928916
7846_01,0.0141666755
7846_02,0.9865734
7854_01,0.7188268
7855_01,0.18723843
7857_01,0.5687786
7860_01,0.12711324
7862_01,0.58204746
7867_01,0.34880158
7869_01,0.060284685
7874_01,0.15615983
7874_02,0.8008609
7876_01,0.2014645
7880_01,0.92774427
7880_02,0.060044367
7887_01,0.49781814
7893_01,0.98650455
7893_02,0.9896903
7893_03,0.9898046
7893_04,0.98911744
7893_05,0.988245
7896_01,0.38915297
7898_01,0.21152063
7900_01,0.12002762
7906_01,0.09639658
7909_01,0.11038945
7909_02,0.05017087
7911_01,0.6195983
7912_01,0.15884514
7915_01,0.47472858
7915_02,0.13511506
7915_03,0.49465626
7917_01,0.61648947
7921_01,0.6076463
7921_02,0.056602694
7923_01,0.28291792
7925_01,0.57131004
7927_01,0.48139682
7927_02,0.3758358
7927_03,0.37800407
7928_01,0.4534244
7931_01,0.6193151
7932_01,0.49299234
7933_01,0.95550454
7934_01,0.97041786
7934_02,0.97138023
7934_03,0.9727852
7938_01,0.038463276
7942_01,0.050577004
7942_02,0.7203644
7948_01,0.0640211
7951_01,0.977888
7953_01,0.10855597
7956_01,0.36188465
7959_01,0.4434034
7961_01,0.097834885
7963_01,0.70725983
7963_02,0.36146286
7963_03,0.75897896
7964_01,0.97258055
7965_01,0.5640443
7966_01,0.13145916
7969_01,0.74446625
7971_01,0.98701274
7971_02,0.025092151
7975_01,0.9785427
7977_01,0.21375628
7978_01,0.5547253
7978_02,0.08449508
7979_01,0.09030022
7980_01,0.08511201
7991_01,0.013174484
7991_02,0.15880187
7991_03,0.9855213
7991_04,0.973738
7992_01,0.90300226
7997_01,0.6547498
7998_01,0.9191145
7998_02,0.9853942
7998_03,0.98970854
7998_04,0.9883995
8001_01,0.38282964
8002_01,0.16208944
8008_01,0.12817776
8009_01,0.49313512
8011_01,0.61923945
8013_01,0.6602181
8017_01,0.071085036
8022_01,0.45600167
8028_01,0.105710424
8033_01,0.040049624
8039_01,0.9552283
8039_02,0.96896183
8040_01,0.34710288
8041_01,0.052168
8041_02,0.9772339
8044_01,0.9813197
8045_01,0.35465643
8047_01,0.979591
8048_01,0.9154188
8051_01,0.72812515
8051_02,0.6163505
8061_01,0.38173383
8061_02,0.53218687
8062_01,0.07286878
8065_01,0.09658166
8070_01,0.06703913
8073_01,0.4546407
8074_01,0.62043846
8080_01,0.96267736
8090_01,0.632586
8093_01,0.09327103
8095_01,0.29298788
8096_01,0.9781852
8099_01,0.6925702
8100_01,0.7610529
8101_01,0.9787687
8104_01,0.56297845
8109_01,0.15933327
8110_01,0.082864426
8111_01,0.48331827
8113_01,0.69983983
8113_02,0.6464047
8113_03,0.63188636
8113_04,0.39705324
8114_01,0.63228166
8125_01,0.9879772
8125_02,0.9554464
8126_01,0.1100712
8127_01,0.35315165
8132_01,0.072596096
8134_01,0.70208937
8142_01,0.9857027
8145_01,0.5253876
8146_01,0.69629
8151_01,0.31873345
8154_01,0.5287378
8155_01,0.8777976
8160_01,0.085245214
8163_01,0.49858886
8166_01,0.14741695
8169_01,0.43046314
8170_01,0.969121
8172_01,0.9793809
8174_01,0.12216371
8179_01,0.98261374
8180_01,0.08562947
8181_01,0.10486017
8181_02,0.11622895
8181_03,0.980645
8183_01,0.1555017
8184_01,0.07507401
8185_01,0.0463403
8187_01,0.06388275
8188_01,0.09835573
8193_01,0.59722054
8195_01,0.9811982
8196_01,0.09456238
8196_02,0.5814618
8198_01,0.5401659
8201_01,0.9681145
8206_01,0.06851212
8215_01,0.9450949
8223_01,0.61411405
8228_01,0.058002263
8230_01,0.1307217
8234_01,0.039886437
8236_01,0.98141843
8240_01,0.9736748
8241_01,0.5909056
8245_01,0.6485915
8245_02,0.51995623
8246_01,0.44015914
8249_01,0.14350295
8250_01,0.44682756
8253_01,0.042119287
8256_01,0.67366743
8258_01,0.041541085
8262_01,0.42747688
8263_01,0.12271206
8269_01,0.70370364
8274_01,0.67402095
8278_01,0.6282059
8283_01,0.97954875
8284_01,0.6824862
8284_02,0.5313693
8285_01,0.099638864
8286_01,0.98763657
8290_01,0.9756735
8293_01,0.02803137
8296_01,0.97832394
8299_01,0.12066007
8304_01,0.091726795
8304_02,0.97629356
8304_03,0.73007643
8305_01,0.9865141
8305_02,0.9891782
8305_03,0.9873765
8308_01,0.038964774
8309_01,0.28306538
8311_01,0.10026288
8312_01,0.97913885
8325_01,0.574954
8325_02,0.08354698
8327_01,0.076090194
8331_01,0.51459783
8337_01,0.2979699
8340_01,0.101735994
8340_02,0.82205164
8340_03,0.032962464
8347_01,0.61056554
8349_01,0.71754724
8350_01,0.083584815
8351_01,0.028310511
8352_01,0.13003603
8353_01,0.26262647
8355_01,0.9868765
8357_01,0.96674633
8357_02,0.9826571
8358_01,0.105805255
8359_01,0.084453836
8361_01,0.015435144
8361_02,0.016511135
8361_03,0.9840838
8361_04,0.98801535
8361_05,0.8995123
8364_01,0.5974439
8367_01,0.36928007
8370_01,0.970226
8370_02,0.01608478
8372_01,0.9876173
8385_01,0.9754814
8385_02,0.09318526
8385_03,0.9758767
8387_01,0.6483781
8389_01,0.6574365
8391_01,0.3413578
8396_01,0.136187
8399_01,0.094166026
8400_01,0.31980965
8400_02,0.6668649
8400_03,0.01678054
8402_01,0.9811908
8402_02,0.98022616
8402_03,0.98289376
8408_01,0.7046158
8408_02,0.6507911
8412_01,0.59443617
8413_01,0.6834994
8415_01,0.091995075
8417_01,0.48411065
8422_01,0.06496089
8424_01,0.16622779
8425_01,0.7856318
8425_02,0.608493
8426_01,0.54045945
8426_02,0.023332167
8428_01,0.58596647
8434_01,0.97189236
8435_01,0.24476096
8436_01,0.06337594
8439_01,0.4574655
8440_01,0.129477
8440_02,0.9798134
8440_03,0.9791048
8443_01,0.94304484
8443_02,0.10199629
8445_01,0.562727
8445_02,0.48545012
8445_03,0.76181537
8446_01,0.17536916
8450_01,0.9782634
8450_02,0.19881603
8450_03,0.97943735
8453_01,0.55775774
8455_01,0.17651352
8461_01,0.29136732
8464_01,0.055839647
8464_02,0.97114295
8473_01,0.5591435
8473_02,0.056994
8478_01,0.6759934
8478_02,0.11554523
8484_01,0.9756017
8485_01,0.5161326
8488_01,0.5377412
8490_01,0.07328747
8496_01,0.17536882
8497_01,0.3813892
8498_01,0.18144935
8499_01,0.64770925
8501_01,0.6699754
8505_01,0.05162065
8507_01,0.40949655
8510_01,0.14943466
8510_02,0.97326314
8513_01,0.06159699
8515_01,0.21920821
8517_01,0.18607
8517_02,0.9287737
8518_01,0.5670741
8519_01,0.5852947
8520_01,0.13795984
8520_02,0.4823912
8525_01,0.90256184
8525_02,0.98648226
8526_01,0.076215506
8526_02,0.7352568
8527_01,0.6640336
8529_01,0.11952909
8531_01,0.4511991
8532_01,0.15094316
8533_01,0.483456
8534_01,0.4891838
8534_02,0.7180816
8534_03,0.5256547
8534_04,0.26328325
8538_01,0.040846124
8543_01,0.54792655
8543_02,0.5750056
8543_03,0.39229044
8543_04,0.07017701
8543_05,0.1880516
8543_06,0.08498475
8543_07,0.60259306
8543_08,0.09988006
8546_01,0.71592224
8547_01,0.12382032
8550_01,0.11385717
8553_01,0.10199259
8555_01,0.6280166
8555_02,0.50518674
8555_03,0.79417944
8558_01,0.5676051
8562_01,0.25998932
8563_01,0.060259454
8564_01,0.179313
8565_01,0.5344138
8565_02,0.68001187
8565_03,0.101820074
8567_01,0.012766605
8567_02,0.01896063
8567_03,0.048612125
8568_01,0.97324
8568_02,0.9735591
8575_01,0.4507371
8576_01,0.85343266
8578_01,0.14829506
8579_01,0.9863017
8582_01,0.558444
8583_01,0.97798026
8583_02,0.9811953
8590_01,0.029701814
8591_01,0.66684407
8593_01,0.04094289
8600_01,0.65127313
8601_01,0.08805446
8608_01,0.72115064
8621_01,0.8099682
8622_01,0.08195573
8625_01,0.097690016
8627_01,0.11601398
8630_01,0.63395864
8632_01,0.62558264
8632_02,0.46816906
8647_01,0.98147583
8648_01,0.6830176
8648_02,0.18338205
8648_03,0.46018824
8649_01,0.09530835
8651_01,0.13843557
8652_01,0.1800833
8655_01,0.097767815
8660_01,0.70277226
8662_01,0.4592271
8665_01,0.45321956
8666_01,0.58400166
8676_01,0.5291628
8677_01,0.074176915
8677_02,0.76770717
8677_03,0.962119
8678_01,0.6808506
8678_02,0.38317284
8679_01,0.4551354
8682_01,0.025142306
8686_01,0.913585
8689_01,0.4305411
8690_01,0.039310005
8690_02,0.78578025
8692_01,0.98110616
8692_02,0.016265515
8692_03,0.9722149
8697_01,0.6220645
8698_01,0.6539558
8699_01,0.527567
8702_01,0.08092199
8705_01,0.98322296
8706_01,0.08222048
8707_01,0.07346862
8711_01,0.47243077
8713_01,0.05269154
8713_02,0.9820549
8715_01,0.4595763
8718_01,0.11966433
8724_01,0.015295424
8725_01,0.5517107
8726_01,0.9761442
8730_01,0.046525076
8731_01,0.055244394
8737_01,0.98007905
8738_01,0.47918242
8739_01,0.015983373
8740_01,0.22668938
8742_01,0.10393967
8745_01,0.091845706
8746_01,0.6713515
8747_01,0.96524954
8747_02,0.15750764
8748_01,0.17844184
8748_02,0.0954845
8756_01,0.018665826
8758_01,0.049485005
8758_02,0.7605139
8761_01,0.14037736
8763_01,0.03803273
8763_02,0.11189504
8763_03,0.7118701
8765_01,0.05096007
8767_01,0.01600363
8767_02,0.01202019
8768_01,0.35189766
8768_02,0.7664792
8768_03,0.12997659
8775_01,0.688901
8777_01,0.04628361
8778_01,0.98050106
8778_02,0.9841348
8784_01,0.15652601
8788_01,0.13105881
8792_01,0.27399874
8793_01,0.020777399
8793_02,0.9690771
8793_03,0.9839245
8793_04,0.013982065
8793_05,0.97906554
8795_01,0.39410037
8800_01,0.5608391
8800_02,0.3763153
8800_03,0.50337803
8800_04,0.55571675
8800_05,0.56409276
8803_01,0.6589321
8804_01,0.9701244
8804_02,0.97025764
8804_03,0.9748707
8804_04,0.2829607
8804_05,0.041863643
8810_01,0.11788247
8814_01,0.5763646
8829_01,0.63858634
8832_01,0.13266784
8837_01,0.100912906
8839_01,0.90741956
8839_02,0.20209889
8846_01,0.025905699
8846_02,0.5176757
8847_01,0.59919983
8851_01,0.7191745
8855_01,0.06861233
8857_01,0.72349334
8859_01,0.10815281
8866_01,0.77955395
8870_01,0.9776452
8870_02,0.05616618
8873_01,0.81679744
8873_02,0.016968187
8873_03,0.95096046
8875_01,0.9834121
8875_02,0.048604485
8875_03,0.9869568
8877_01,0.9810092
8877_02,0.9836215
8879_01,0.4450458
8882_01,0.10973413
8887_01,0.7040576
8888_01,0.1458852
8893_01,0.98638594
8893_02,0.98709786
8895_01,0.9766799
8895_02,0.016584147
8898_01,0.2620191
8908_01,0.64811015
8909_01,0.3253904
8911_01,0.44483104
8912_01,0.60608566
8913_01,0.44294065
8913_02,0.5537925
8913_03,0.58346045
8914_01,0.2871005
8915_01,0.10224603
8916_01,0.50392556
8917_01,0.5704882
8921_01,0.9667009
8924_01,0.9883606
8925_01,0.9697858
8925_02,0.9615534
8925_03,0.9814274
8925_04,0.97921836
8925_05,0.97311145
8925_06,0.075073026
8927_01,0.9400306
8929_01,0.15336192
8931_01,0.14019239
8933_01,0.21288483
8934_01,0.014684806
8935_01,0.5731085
8936_01,0.065105334
8943_01,0.14922404
8946_01,0.98505735
8949_01,0.15736529
8950_01,0.11040819
8951_01,0.011090158
8952_01,0.19998564
8953_01,0.30950686
8957_01,0.115653336
8958_01,0.4494192
8960_01,0.6646067
8960_02,0.093667485
8960_03,0.7163975
8962_01,0.12986626
8963_01,0.96896756
8965_01,0.117713615
8971_01,0.38401377
8974_01,0.98619235
8979_01,0.45911193
8980_01,0.12853768
8980_02,0.029044366
8980_03,0.9537052
8980_04,0.038892128
8980_05,0.059796702
8980_06,0.956292
8980_07,0.9538913
8984_01,0.098654024
8990_01,0.3676182
8991_01,0.43778872
8994_01,0.049498722
8994_02,0.97839135
8995_01,0.032126386
9000_01,0.07857391
9002_01,0.059960645
9005_01,0.5837836
9016_01,0.10923602
9016_02,0.022495475
9016_03,0.011862446
9016_04,0.98367596
9016_05,0.043133117
9017_01,0.6002976
9022_01,0.15996811
9022_02,0.6652452
9022_03,0.8075563
9025_01,0.09019865
9025_02,0.7444139
9027_01,0.044877663
9033_01,0.57837915
9039_01,0.48969275
9040_01,0.034689732
9044_01,0.25937694
9045_01,0.15298137
9045_02,0.17305662
9047_01,0.58313113
9050_01,0.44292855
9051_01,0.11764415
9053_01,0.97603405
9053_02,0.9604902
9054_01,0.6510152
9055_01,0.20718198
9056_01,0.18111429
9058_01,0.091423765
9062_01,0.023437638
9062_02,0.676784
9063_01,0.9883219
9065_01,0.9816316
9067_01,0.09619751
9067_02,0.5853545
9070_01,0.3294995
9070_02,0.51266146
9082_01,0.067423955
9083_01,0.97916824
9083_02,0.46848464
9086_01,0.5617339
9086_02,0.32929057
9087_01,0.15799502
9088_01,0.94705427
9090_01,0.056621604
9091_01,0.9791123
9092_01,0.14551146
9093_01,0.014602518
9095_01,0.11509545
9096_01,0.5636253
9096_02,0.61509615
9100_01,0.026880354
9102_01,0.97917587
9105_01,0.5176467
9109_01,0.5267439
9113_01,0.9816958
9117_01,0.16767721
9121_01,0.982656
9123_01,0.9747583
9133_01,0.5370937
9135_01,0.120784804
9138_01,0.37463585
9143_01,0.028110286
9143_02,0.24204445
9143_03,0.07014282
9146_01,0.1428065
9146_02,0.08871556
9146_03,0.977767
9147_01,0.460934
9153_01,0.36558697
9154_01,0.60261047
9155_01,0.08059703
9155_02,0.06311007
9155_03,0.978079
9155_04,0.9781181
9162_01,0.95932835
9162_02,0.019027513
9162_03,0.022732683
9166_01,0.9489061
9171_01,0.6990105
9177_01,0.9849744
9177_02,0.98562557
9182_01,0.09035164
9187_01,0.45950264
9187_02,0.058045506
9191_01,0.55359316
9198_01,0.041937076
9200_01,0.3697786
9204_01,0.20875016
9206_01,0.98173875
9206_02,0.024282921
9206_03,0.9882863
9207_01,0.96264315
9209_01,0.45254874
9210_01,0.23375288
9212_01,0.035290256
9212_02,0.49888796
9214_01,0.022152025
9215_01,0.93479425
9216_01,0.19326736
9223_01,0.9324991
9223_02,0.94731224
9228_01,0.21462664
9229_01,0.39131016
9232_01,0.10809074
9236_01,0.5529431
9238_01,0.45680422
9238_02,0.66316736
9238_03,0.6187182
9238_04,0.07410387
9238_05,0.68626916
9238_06,0.74900734
9238_07,0.42894536
9240_01,0.36024526
9243_01,0.93244946
9245_01,0.23327346
9249_01,0.33745867
9255_01,0.7924222
9258_01,0.9589432
9260_01,0.69411564
9262_01,0.5338371
9263_01,0.5387845
9265_01,0.9603132
9266_01,0.5610031
9266_02,0.5481756
9269_01,0.3846556
9271_01,0.95522374
9273_01,0.7414659
9277_01,0.5505074
